id,time,server,category,value,player_name,killer_name,boss_name,equipment_name,item_name,is_killed,crawl_time
9204949,2026-07-08 01:07:08,Super 1,SYSTEM,lamha0nhien vừa đánh quái may mắn nhận được 1 trang bị Set kích hoạt,lamha0nhien,,,,Set kích hoạt,0,2026-07-07 18:07:33
9204128,2026-07-08 00:31:33,Super 1,SYSTEM,lamha0nhien vừa đánh quái may mắn nhận được 1 trang bị Set kích hoạt,lamha0nhien,,,,Set kích hoạt,0,2026-07-07 17:31:31
9200976,2026-07-07 22:31:08,Super 1,SYSTEM,xuanhuongg vừa đánh quái may mắn nhận được 1 trang bị Set kích hoạt,xuanhuongg,,,,Set kích hoạt,0,2026-07-07 15:31:25
9200421,2026-07-07 22:13:07,Super 1,SYSTEM,chubodoi1 vừa đánh quái may mắn nhận được 1 trang bị Set kích hoạt,chubodoi1,,,,Set kích hoạt,0,2026-07-07 15:13:24
9197764,2026-07-07 20:45:07,Super 1,SYSTEM,[HT] imyourfather vừa đánh quái may mắn nhận được 1 trang bị Set kích hoạt Gohan,,,,,Set kích hoạt Gohan,0,2026-07-07 14:47:19
9196313,2026-07-07 19:51:06,Super 1,SYSTEM,echvabaoo vừa đánh quái may mắn nhận được 1 trang bị Set kích hoạt,echvabaoo,,,,Set kích hoạt,0,2026-07-07 14:47:19
9195989,2026-07-07 19:39:53,Super 1,SYSTEM,cyclonedds12 vừa đánh quái may mắn nhận được 1 trang bị Set kích hoạt Set Thần Vũ Trụ Kaio,cyclonedds12,,,,Set kích hoạt Set Thần Vũ Trụ Kaio,0,2026-07-07 14:47:19
9195415,2026-07-07 19:22:53,Super 1,SYSTEM,toilatewo vừa đánh quái may mắn nhận được 1 trang bị Set kích hoạt,toilatewo,,,,Set kích hoạt,0,2026-07-07 14:47:19
9195246,2026-07-07 19:17:41,Super 1,SYSTEM,hungdzsuper vừa đánh quái may mắn nhận được 1 trang bị Set kích hoạt Set Nail chiến binh Namếc,hungdzsuper,,,,Set kích hoạt Set Nail chiến binh Namếc,0,2026-07-07 14:47:19
9195019,2026-07-07 19:09:30,Super 1,SYSTEM,iammichelin vừa đánh quái may mắn nhận được 1 trang bị Set kích hoạt Set Thần Vũ Trụ Kaio,iammichelin,,,,Set kích hoạt Set Thần Vũ Trụ Kaio,0,2026-07-07 14:47:19
9192762,2026-07-07 17:56:41,Super 1,SYSTEM,mavuonglord vừa đánh quái may mắn nhận được 1 trang bị Set kích hoạt Set Thần Vũ Trụ Kaio,mavuonglord,,,,Set kích hoạt Set Thần Vũ Trụ Kaio,0,2026-07-07 14:47:19
9192420,2026-07-07 17:46:16,Super 1,SYSTEM,pocolele0 vừa đánh quái may mắn nhận được 1 trang bị Set kích hoạt Set Nail chiến binh Namếc,pocolele0,,,,Set kích hoạt Set Nail chiến binh Namếc,0,2026-07-07 14:47:19
9189519,2026-07-07 16:00:40,Super 1,SYSTEM,meoudzxz vừa đánh quái may mắn nhận được 1 trang bị Set kích hoạt Set Thần Vũ Trụ Kaio,meoudzxz,,,,Set kích hoạt Set Thần Vũ Trụ Kaio,0,2026-07-07 14:47:19
9189498,2026-07-07 16:00:04,Super 1,SYSTEM,nhu2004 vừa đánh quái may mắn nhận được 1 trang bị Set kích hoạt,nhu2004,,,,Set kích hoạt,0,2026-07-07 14:47:19
9189116,2026-07-07 15:46:04,Super 1,SYSTEM,superm1 vừa đánh quái may mắn nhận được 1 trang bị Set kích hoạt,superm1,,,,Set kích hoạt,0,2026-07-07 14:47:20
9188439,2026-07-07 15:19:28,Super 1,SYSTEM,bachlien vừa đánh quái may mắn nhận được 1 trang bị Set kích hoạt,bachlien,,,,Set kích hoạt,0,2026-07-07 14:47:20
9187395,2026-07-07 14:36:52,Super 1,SYSTEM,meoudzxz vừa đánh quái may mắn nhận được 1 trang bị Set kích hoạt,meoudzxz,,,,Set kích hoạt,0,2026-07-07 14:47:20
9186882,2026-07-07 14:18:14,Super 1,SYSTEM,kkr1net vừa đánh quái may mắn nhận được 1 trang bị Set kích hoạt,kkr1net,,,,Set kích hoạt,0,2026-07-07 14:47:20
9186459,2026-07-07 14:00:50,Super 1,SYSTEM,hungdzsuper vừa đánh quái may mắn nhận được 1 trang bị Set kích hoạt,hungdzsuper,,,,Set kích hoạt,0,2026-07-07 14:47:20
9185246,2026-07-07 13:07:27,Super 1,SYSTEM,meomaybe02 vừa đánh quái may mắn nhận được 1 trang bị Set kích hoạt,meomaybe02,,,,Set kích hoạt,0,2026-07-07 14:47:20
9184819,2026-07-07 12:50:37,Super 1,SYSTEM,meoudzxz vừa đánh quái may mắn nhận được 1 trang bị Set kích hoạt,meoudzxz,,,,Set kích hoạt,0,2026-07-07 14:47:20
9184573,2026-07-07 12:42:27,Super 1,SYSTEM,chubodoi1 vừa đánh quái may mắn nhận được 1 trang bị Set kích hoạt,chubodoi1,,,,Set kích hoạt,0,2026-07-07 14:47:20
9183084,2026-07-07 11:51:02,Super 1,SYSTEM,troinang vừa đánh quái may mắn nhận được 1 trang bị Set kích hoạt,troinang,,,,Set kích hoạt,0,2026-07-07 14:47:20
9179742,2026-07-07 09:10:12,Super 1,SYSTEM,nhu2004 vừa đánh quái may mắn nhận được 1 trang bị Set kích hoạt,nhu2004,,,,Set kích hoạt,0,2026-07-07 02:10:02
9179553,2026-07-07 09:01:12,Super 1,SYSTEM,kkr1net vừa đánh quái may mắn nhận được 1 trang bị Set kích hoạt,kkr1net,,,,Set kích hoạt,0,2026-07-07 02:01:02
9179360,2026-07-07 08:55:01,Super 1,SYSTEM,[HT] hieu7fp74d vừa đánh quái may mắn nhận được 1 trang bị Set kích hoạt Gohan,,,,,Set kích hoạt Gohan,0,2026-07-07 01:55:02
9178465,2026-07-07 08:23:24,Super 1,SYSTEM,cyclonedds12 vừa đánh quái may mắn nhận được 1 trang bị Set kích hoạt,cyclonedds12,,,,Set kích hoạt,0,2026-07-07 01:23:00
9177044,2026-07-07 07:35:35,Super 1,SYSTEM,echvabaoo vừa đánh quái may mắn nhận được 1 trang bị Set kích hoạt,echvabaoo,,,,Set kích hoạt,0,2026-07-07 00:35:58
9177036,2026-07-07 07:35:23,Super 1,SYSTEM,cyclonedds12 vừa đánh quái may mắn nhận được 1 trang bị Set kích hoạt,cyclonedds12,,,,Set kích hoạt,0,2026-07-07 00:34:58
9176742,2026-07-07 07:26:00,Super 1,SYSTEM,iammichelin vừa đánh quái may mắn nhận được 1 trang bị Set kích hoạt,iammichelin,,,,Set kích hoạt,0,2026-07-07 00:25:58
9175513,2026-07-07 06:44:22,Super 1,SYSTEM,[HT] siufapsu vừa đánh quái may mắn nhận được 1 trang bị Set kích hoạt Gohan,,,,,Set kích hoạt Gohan,0,2026-07-06 23:44:56
9174272,2026-07-07 06:08:35,Super 1,SYSTEM,echvabaoo vừa đánh quái may mắn nhận được 1 trang bị Set kích hoạt,echvabaoo,,,,Set kích hoạt,0,2026-07-06 23:08:55
9173527,2026-07-07 05:41:22,Super 1,SYSTEM,gokushopeee vừa đánh quái may mắn nhận được 1 trang bị Set kích hoạt,gokushopeee,,,,Set kích hoạt,0,2026-07-06 22:41:54
9172932,2026-07-07 05:16:58,Super 1,SYSTEM,mimeo1s vừa đánh quái may mắn nhận được 1 trang bị Set kích hoạt,mimeo1s,,,,Set kích hoạt,0,2026-07-06 22:16:53
9171739,2026-07-07 04:19:35,Super 1,SYSTEM,ngocdao vừa đánh quái may mắn nhận được 1 trang bị Set kích hoạt Set Thần Vũ Trụ Kaio,ngocdao,,,,Set kích hoạt Set Thần Vũ Trụ Kaio,0,2026-07-06 21:19:50
9170804,2026-07-07 03:15:01,Super 1,SYSTEM,cyclonedds12 vừa đánh quái may mắn nhận được 1 trang bị Set kích hoạt,cyclonedds12,,,,Set kích hoạt,0,2026-07-06 20:14:48
9170616,2026-07-07 03:05:49,Super 1,SYSTEM,troinang vừa đánh quái may mắn nhận được 1 trang bị Set kích hoạt,troinang,,,,Set kích hoạt,0,2026-07-06 20:05:48
9169869,2026-07-07 02:34:36,Super 1,SYSTEM,mavuonglord vừa đánh quái may mắn nhận được 1 trang bị Set kích hoạt,mavuonglord,,,,Set kích hoạt,0,2026-07-06 19:34:46
9169118,2026-07-07 02:04:23,Super 1,SYSTEM,ngocdao vừa đánh quái may mắn nhận được 1 trang bị Set kích hoạt,ngocdao,,,,Set kích hoạt,0,2026-07-06 19:04:45
9167359,2026-07-07 00:55:22,Super 1,SYSTEM,pocolele0 vừa đánh quái may mắn nhận được 1 trang bị Set kích hoạt,pocolele0,,,,Set kích hoạt,0,2026-07-06 17:55:42
9166338,2026-07-07 00:13:34,Super 1,SYSTEM,echvabaoo vừa đánh quái may mắn nhận được 1 trang bị Set kích hoạt,echvabaoo,,,,Set kích hoạt,0,2026-07-06 17:13:41
9165367,2026-07-06 23:35:57,Super 1,SYSTEM,gokushopeee vừa đánh quái may mắn nhận được 1 trang bị Set kích hoạt Set Cađic M,gokushopeee,,,,Set kích hoạt Set Cađic M,0,2026-07-06 16:35:39
9164170,2026-07-06 22:50:44,Super 1,SYSTEM,gokushopeee vừa đánh quái may mắn nhận được 1 trang bị Set kích hoạt Set Cađic M,gokushopeee,,,,Set kích hoạt Set Cađic M,0,2026-07-06 15:50:37
9164119,2026-07-06 22:49:08,Super 1,SYSTEM,bachlien vừa đánh quái may mắn nhận được 1 trang bị Set kích hoạt Set Cađic M,bachlien,,,,Set kích hoạt Set Cađic M,0,2026-07-06 15:49:37
9161768,2026-07-06 21:23:08,Super 1,SYSTEM,hoangpzvm vừa đánh quái may mắn nhận được 1 trang bị Set kích hoạt Set Cađic M,hoangpzvm,,,,Set kích hoạt Set Cađic M,0,2026-07-06 14:23:34
9161071,2026-07-06 20:59:44,Super 1,SYSTEM,lamha0nhien vừa đánh quái may mắn nhận được 1 trang bị Set kích hoạt,lamha0nhien,,,,Set kích hoạt,0,2026-07-06 13:59:32
9160717,2026-07-06 20:46:31,Super 1,SYSTEM,lxlilxl vừa đánh quái may mắn nhận được 1 trang bị Set kích hoạt Set Nail chiến binh Namếc,lxlilxl,,,,Set kích hoạt Set Nail chiến binh Namếc,0,2026-07-06 13:46:32
9160406,2026-07-06 20:36:44,Super 1,SYSTEM,kkr1net vừa đánh quái may mắn nhận được 1 trang bị Set kích hoạt,kkr1net,,,,Set kích hoạt,0,2026-07-06 13:36:32
9160113,2026-07-06 20:25:19,Super 1,SYSTEM,0ngdayc0n vừa đánh quái may mắn nhận được 1 trang bị Set kích hoạt Set Thần Vũ Trụ Kaio,0ngdayc0n,,,,Set kích hoạt Set Thần Vũ Trụ Kaio,0,2026-07-06 13:25:31
9160094,2026-07-06 20:24:19,Super 1,SYSTEM,carotblack vừa đánh quái may mắn nhận được 1 trang bị Set kích hoạt Set Thần Vũ Trụ Kaio,carotblack,,,,Set kích hoạt Set Thần Vũ Trụ Kaio,0,2026-07-06 13:24:31
9157930,2026-07-06 19:12:18,Super 1,SYSTEM,[HT] conbuomxxinh vừa đánh quái may mắn nhận được 1 trang bị Set kích hoạt Gohan,,,,,Set kích hoạt Gohan,0,2026-07-06 12:12:32
9157752,2026-07-06 19:08:29,Super 1,SYSTEM,haidon08 vừa đánh quái may mắn nhận được 1 trang bị Set kích hoạt,haidon08,,,,Set kích hoạt,0,2026-07-06 12:08:32
9155202,2026-07-06 17:46:42,Super 1,SYSTEM,anluonsever vừa đánh quái may mắn nhận được 1 trang bị Set kích hoạt,anluonsever,,,,Set kích hoạt,0,2026-07-06 12:03:24
9155060,2026-07-06 17:41:29,Super 1,SYSTEM,herokakarot vừa đánh quái may mắn nhận được 1 trang bị Set kích hoạt,herokakarot,,,,Set kích hoạt,0,2026-07-06 12:03:24
9153689,2026-07-06 16:58:17,Super 1,SYSTEM,plastic007 vừa đánh quái may mắn nhận được 1 trang bị Set kích hoạt Set Thần Vũ Trụ Kaio,plastic007,,,,Set kích hoạt Set Thần Vũ Trụ Kaio,0,2026-07-06 12:03:24
9153210,2026-07-06 16:40:17,Super 1,SYSTEM,chubodoi1 vừa đánh quái may mắn nhận được 1 trang bị Set kích hoạt,chubodoi1,,,,Set kích hoạt,0,2026-07-06 12:03:24
9151995,2026-07-06 15:53:05,Super 1,SYSTEM,lamha0nhien vừa đánh quái may mắn nhận được 1 trang bị Set kích hoạt Set Thần Vũ Trụ Kaio,lamha0nhien,,,,Set kích hoạt Set Thần Vũ Trụ Kaio,0,2026-07-06 12:03:24
9151449,2026-07-06 15:31:53,Super 1,SYSTEM,herokok vừa đánh quái may mắn nhận được 1 trang bị Set kích hoạt,herokok,,,,Set kích hoạt,0,2026-07-06 12:03:24
9149956,2026-07-06 14:33:51,Super 1,SYSTEM,iammichelin vừa đánh quái may mắn nhận được 1 trang bị Set kích hoạt,iammichelin,,,,Set kích hoạt,0,2026-07-06 12:03:24
9149096,2026-07-06 14:02:14,Super 1,SYSTEM,toilatewo vừa đánh quái may mắn nhận được 1 trang bị Set kích hoạt,toilatewo,,,,Set kích hoạt,0,2026-07-06 12:03:24
9148567,2026-07-06 13:41:14,Super 1,SYSTEM,lamha0nhien vừa đánh quái may mắn nhận được 1 trang bị Set kích hoạt,lamha0nhien,,,,Set kích hoạt,0,2026-07-06 12:03:24
9147676,2026-07-06 13:04:27,Super 1,SYSTEM,[HT] scarface vừa đánh quái may mắn nhận được 1 trang bị Set kích hoạt Gohan,,,,,Set kích hoạt Gohan,0,2026-07-06 12:03:24
9147527,2026-07-06 12:59:38,Super 1,SYSTEM,lxlilxl vừa đánh quái may mắn nhận được 1 trang bị Set kích hoạt,lxlilxl,,,,Set kích hoạt,0,2026-07-06 12:03:24
9145697,2026-07-06 12:12:01,Super 1,SYSTEM,pocolele0 vừa đánh quái may mắn nhận được 1 trang bị Set kích hoạt,pocolele0,,,,Set kích hoạt,0,2026-07-06 12:03:24
9145394,2026-07-06 12:02:27,Super 1,SYSTEM,0ngdayc0n vừa đánh quái may mắn nhận được 1 trang bị Set kích hoạt,0ngdayc0n,,,,Set kích hoạt,0,2026-07-06 12:03:24
9145116,2026-07-06 11:54:14,Super 1,SYSTEM,[HT] siufapsu vừa đánh quái may mắn nhận được 1 trang bị Set kích hoạt Gohan,,,,,Set kích hoạt Gohan,0,2026-07-06 12:03:24
9144954,2026-07-06 11:47:37,Super 1,SYSTEM,nhu2004 vừa đánh quái may mắn nhận được 1 trang bị Set kích hoạt Set Nail chiến binh Namếc,nhu2004,,,,Set kích hoạt Set Nail chiến binh Namếc,0,2026-07-06 12:03:24
9143182,2026-07-06 10:44:49,Super 1,SYSTEM,hoangpzvm vừa đánh quái may mắn nhận được 1 trang bị Set kích hoạt,hoangpzvm,,,,Set kích hoạt,0,2026-07-06 12:03:24
9141891,2026-07-06 09:57:49,Super 1,SYSTEM,cyclonedds12 vừa đánh quái may mắn nhận được 1 trang bị Set kích hoạt Set Thần Vũ Trụ Kaio,cyclonedds12,,,,Set kích hoạt Set Thần Vũ Trụ Kaio,0,2026-07-06 12:03:24
9140031,2026-07-06 08:49:00,Super 1,SYSTEM,chubodoi1 vừa đánh quái may mắn nhận được 1 trang bị Set kích hoạt,chubodoi1,,,,Set kích hoạt,0,2026-07-06 12:03:24
9139941,2026-07-06 08:44:24,Super 1,SYSTEM,mavuonglord vừa đánh quái may mắn nhận được 1 trang bị Set kích hoạt,mavuonglord,,,,Set kích hoạt,0,2026-07-06 12:03:24
9138821,2026-07-06 08:07:36,Super 1,SYSTEM,gokushopeee vừa đánh quái may mắn nhận được 1 trang bị Set kích hoạt,gokushopeee,,,,Set kích hoạt,0,2026-07-06 12:03:24
9137380,2026-07-06 07:28:00,Super 1,SYSTEM,[HT] supperz vừa đánh quái may mắn nhận được 1 trang bị Set kích hoạt Gohan,,,,,Set kích hoạt Gohan,0,2026-07-06 12:03:25
9136401,2026-07-06 06:58:59,Super 1,SYSTEM,echvabaoo vừa đánh quái may mắn nhận được 1 trang bị Set kích hoạt,echvabaoo,,,,Set kích hoạt,0,2026-07-06 12:03:25
9135622,2026-07-06 06:37:23,Super 1,SYSTEM,[HT] supperz vừa đánh quái may mắn nhận được 1 trang bị Set kích hoạt Gohan,,,,,Set kích hoạt Gohan,0,2026-07-06 12:03:25
9135333,2026-07-06 06:28:24,Super 1,SYSTEM,tmxeko vừa đánh quái may mắn nhận được 1 trang bị Set kích hoạt Set Thần Vũ Trụ Kaio,tmxeko,,,,Set kích hoạt Set Thần Vũ Trụ Kaio,0,2026-07-06 12:03:25
9134310,2026-07-06 05:57:35,Super 1,SYSTEM,mimeo1s vừa đánh quái may mắn nhận được 1 trang bị Set kích hoạt,mimeo1s,,,,Set kích hoạt,0,2026-07-06 12:03:25
9132504,2026-07-06 04:46:59,Super 1,SYSTEM,herokakarot vừa đánh quái may mắn nhận được 1 trang bị Set kích hoạt,herokakarot,,,,Set kích hoạt,0,2026-07-06 12:03:25
9131105,2026-07-06 03:19:22,Super 1,SYSTEM,plastic007 vừa đánh quái may mắn nhận được 1 trang bị Set kích hoạt,plastic007,,,,Set kích hoạt,0,2026-07-06 12:03:25
9127026,2026-07-06 00:22:31,Super 1,SYSTEM,plastic007 vừa đánh quái may mắn nhận được 1 trang bị Set kích hoạt,plastic007,,,,Set kích hoạt,0,2026-07-05 17:23:05
9126781,2026-07-06 00:13:18,Super 1,SYSTEM,cyclonedds12 vừa đánh quái may mắn nhận được 1 trang bị Set kích hoạt Set Thần Vũ Trụ Kaio,cyclonedds12,,,,Set kích hoạt Set Thần Vũ Trụ Kaio,0,2026-07-05 17:13:04
9125609,2026-07-05 23:33:06,Super 1,SYSTEM,[HT] hichanbank vừa đánh quái may mắn nhận được 1 trang bị Set kích hoạt Gohan,,,,,Set kích hoạt Gohan,0,2026-07-05 16:33:10
9125005,2026-07-05 23:09:28,Super 1,SYSTEM,hungdzsuper vừa đánh quái may mắn nhận được 1 trang bị Set kích hoạt,hungdzsuper,,,,Set kích hoạt,0,2026-07-05 16:09:09
9124872,2026-07-05 23:05:41,Super 1,SYSTEM,quyzanh234x vừa đánh quái may mắn nhận được 1 trang bị Set kích hoạt,quyzanh234x,,,,Set kích hoạt,0,2026-07-05 16:06:09
9124243,2026-07-05 22:41:27,Super 1,SYSTEM,tmxeko vừa đánh quái may mắn nhận được 1 trang bị Set kích hoạt,tmxeko,,,,Set kích hoạt,0,2026-07-05 15:41:08
9123710,2026-07-05 22:22:03,Super 1,SYSTEM,zayne vừa đánh quái may mắn nhận được 1 trang bị Set kích hoạt,zayne,,,,Set kích hoạt,0,2026-07-05 15:22:07
9122692,2026-07-05 21:50:40,Super 1,SYSTEM,satorugoku vừa đánh quái may mắn nhận được 1 trang bị Set kích hoạt,satorugoku,,,,Set kích hoạt,0,2026-07-05 14:51:05
9121460,2026-07-05 21:10:14,Super 1,SYSTEM,hoangpzvm vừa đánh quái may mắn nhận được 1 trang bị Set kích hoạt,hoangpzvm,,,,Set kích hoạt,0,2026-07-05 14:10:03
9120813,2026-07-05 20:49:14,Super 1,SYSTEM,emquenanhroi vừa đánh quái may mắn nhận được 1 trang bị Set kích hoạt,emquenanhroi,,,,Set kích hoạt,0,2026-07-05 13:49:02
9119155,2026-07-05 19:52:24,Super 1,SYSTEM,ngocdao vừa đánh quái may mắn nhận được 1 trang bị Set kích hoạt,ngocdao,,,,Set kích hoạt,0,2026-07-05 12:52:59
9119053,2026-07-05 19:49:48,Super 1,SYSTEM,plastic007 vừa đánh quái may mắn nhận được 1 trang bị Set kích hoạt,plastic007,,,,Set kích hoạt,0,2026-07-05 12:49:59
9117839,2026-07-05 19:09:24,Super 1,SYSTEM,liying vừa đánh quái may mắn nhận được 1 trang bị Set kích hoạt,liying,,,,Set kích hoạt,0,2026-07-05 12:09:57
9116436,2026-07-05 18:21:00,Super 1,SYSTEM,toilatewo vừa đánh quái may mắn nhận được 1 trang bị Set kích hoạt,toilatewo,,,,Set kích hoạt,0,2026-07-05 11:56:57
9115350,2026-07-05 17:39:36,Super 1,SYSTEM,zayne vừa đánh quái may mắn nhận được 1 trang bị Set kích hoạt,zayne,,,,Set kích hoạt,0,2026-07-05 11:56:57
9113725,2026-07-05 16:39:12,Super 1,SYSTEM,meoudzxz vừa đánh quái may mắn nhận được 1 trang bị Set kích hoạt Set Thần Vũ Trụ Kaio,meoudzxz,,,,Set kích hoạt Set Thần Vũ Trụ Kaio,0,2026-07-05 11:56:57
9113571,2026-07-05 16:34:00,Super 1,SYSTEM,kkr1net vừa đánh quái may mắn nhận được 1 trang bị Set kích hoạt,kkr1net,,,,Set kích hoạt,0,2026-07-05 11:56:57
9112406,2026-07-05 15:47:11,Super 1,SYSTEM,[HT] bungchimboss vừa đánh quái may mắn nhận được 1 trang bị Set kích hoạt Gohan,,,,,Set kích hoạt Gohan,0,2026-07-05 11:56:57
9112273,2026-07-05 15:41:23,Super 1,SYSTEM,dukich1 vừa đánh quái may mắn nhận được 1 trang bị Set kích hoạt,dukich1,,,,Set kích hoạt,0,2026-07-05 11:56:57
9112086,2026-07-05 15:34:22,Super 1,SYSTEM,cyclonedds12 vừa đánh quái may mắn nhận được 1 trang bị Set kích hoạt Set Thần Vũ Trụ Kaio,cyclonedds12,,,,Set kích hoạt Set Thần Vũ Trụ Kaio,0,2026-07-05 11:56:57
9111565,2026-07-05 15:14:34,Super 1,SYSTEM,superm1 vừa đánh quái may mắn nhận được 1 trang bị Set kích hoạt Set Cađic M,superm1,,,,Set kích hoạt Set Cađic M,0,2026-07-05 11:56:57
9110681,2026-07-05 14:40:57,Super 1,SYSTEM,hk2004 vừa đánh quái may mắn nhận được 1 trang bị Set kích hoạt,hk2004,,,,Set kích hoạt,0,2026-07-05 11:56:57
9109766,2026-07-05 14:05:58,Super 1,SYSTEM,cyclonedds12 vừa đánh quái may mắn nhận được 1 trang bị Set kích hoạt,cyclonedds12,,,,Set kích hoạt,0,2026-07-05 11:56:57
9107996,2026-07-05 12:57:09,Super 1,SYSTEM,hungdzsuper vừa đánh quái may mắn nhận được 1 trang bị Set kích hoạt Set Nail chiến binh Namếc,hungdzsuper,,,,Set kích hoạt Set Nail chiến binh Namếc,0,2026-07-05 11:56:57
9107268,2026-07-05 12:37:45,Super 1,SYSTEM,hs2639 vừa đánh quái may mắn nhận được 1 trang bị Set kích hoạt Set Cađic M,hs2639,,,,Set kích hoạt Set Cađic M,0,2026-07-05 11:56:57
9105497,2026-07-05 11:49:33,Super 1,SYSTEM,ngocdao vừa đánh quái may mắn nhận được 1 trang bị Set kích hoạt Set Thần Vũ Trụ Kaio,ngocdao,,,,Set kích hoạt Set Thần Vũ Trụ Kaio,0,2026-07-05 11:56:57
9101946,2026-07-05 09:56:54,Super 1,SYSTEM,iammichelin vừa đánh quái may mắn nhận được 1 trang bị Set kích hoạt Set Thần Vũ Trụ Kaio,iammichelin,,,,Set kích hoạt Set Thần Vũ Trụ Kaio,0,2026-07-05 11:56:57
9101865,2026-07-05 09:54:32,Super 1,SYSTEM,ngocdao vừa đánh quái may mắn nhận được 1 trang bị Set kích hoạt Set Thần Vũ Trụ Kaio,ngocdao,,,,Set kích hoạt Set Thần Vũ Trụ Kaio,0,2026-07-05 11:56:57
9101843,2026-07-05 09:53:56,Super 1,SYSTEM,carotblack vừa đánh quái may mắn nhận được 1 trang bị Set kích hoạt,carotblack,,,,Set kích hoạt,0,2026-07-05 11:56:57
9101807,2026-07-05 09:52:55,Super 1,SYSTEM,hungdzsuper vừa đánh quái may mắn nhận được 1 trang bị Set kích hoạt,hungdzsuper,,,,Set kích hoạt,0,2026-07-05 11:56:57
9101533,2026-07-05 09:43:06,Super 1,SYSTEM,[HT] supperz vừa đánh quái may mắn nhận được 1 trang bị Set kích hoạt Gohan,,,,,Set kích hoạt Gohan,0,2026-07-05 11:56:57
9100673,2026-07-05 09:13:06,Super 1,SYSTEM,herokakarot vừa đánh quái may mắn nhận được 1 trang bị Set kích hoạt,herokakarot,,,,Set kích hoạt,0,2026-07-05 11:56:57
9100584,2026-07-05 09:09:55,Super 1,SYSTEM,mavuonglord vừa đánh quái may mắn nhận được 1 trang bị Set kích hoạt,mavuonglord,,,,Set kích hoạt,0,2026-07-05 11:56:57
9099840,2026-07-05 08:43:55,Super 1,SYSTEM,nailcaychay vừa đánh quái may mắn nhận được 1 trang bị Set kích hoạt,nailcaychay,,,,Set kích hoạt,0,2026-07-05 11:56:57
9099733,2026-07-05 08:39:43,Super 1,SYSTEM,iammichelin vừa đánh quái may mắn nhận được 1 trang bị Set kích hoạt,iammichelin,,,,Set kích hoạt,0,2026-07-05 11:56:57
9099728,2026-07-05 08:39:31,Super 1,SYSTEM,lxlilxl vừa đánh quái may mắn nhận được 1 trang bị Set kích hoạt Set Nail chiến binh Namếc,lxlilxl,,,,Set kích hoạt Set Nail chiến binh Namếc,0,2026-07-05 11:56:57
9099392,2026-07-05 08:28:42,Super 1,SYSTEM,0ngdayc0n vừa đánh quái may mắn nhận được 1 trang bị Set kích hoạt,0ngdayc0n,,,,Set kích hoạt,0,2026-07-05 11:56:57
9098738,2026-07-05 08:05:29,Super 1,SYSTEM,tmxeko vừa đánh quái may mắn nhận được 1 trang bị Set kích hoạt,tmxeko,,,,Set kích hoạt,0,2026-07-05 11:56:57
9097915,2026-07-05 07:37:55,Super 1,SYSTEM,hungdzsuper vừa đánh quái may mắn nhận được 1 trang bị Set kích hoạt,hungdzsuper,,,,Set kích hoạt,0,2026-07-05 11:56:57
9097542,2026-07-05 07:28:06,Super 1,SYSTEM,[HT] nm24hname vừa đánh quái may mắn nhận được 1 trang bị Set kích hoạt Gohan,,,,,Set kích hoạt Gohan,0,2026-07-05 11:56:57
9097050,2026-07-05 07:13:42,Super 1,SYSTEM,bachlien vừa đánh quái may mắn nhận được 1 trang bị Set kích hoạt,bachlien,,,,Set kích hoạt,0,2026-07-05 11:56:57
9096549,2026-07-05 06:56:53,Super 1,SYSTEM,11ztewoz vừa đánh quái may mắn nhận được 1 trang bị Set kích hoạt,11ztewoz,,,,Set kích hoạt,0,2026-07-05 11:56:57
9095107,2026-07-05 06:09:30,Super 1,SYSTEM,hungdzsuper vừa đánh quái may mắn nhận được 1 trang bị Set kích hoạt Set Nail chiến binh Namếc,hungdzsuper,,,,Set kích hoạt Set Nail chiến binh Namếc,0,2026-07-05 11:56:57
9089982,2026-07-05 02:06:09,Super 1,SYSTEM,troinang vừa đánh quái may mắn nhận được 1 trang bị Set kích hoạt,troinang,,,,Set kích hoạt,0,2026-07-05 11:56:58
9088074,2026-07-05 00:53:18,Super 1,SYSTEM,iammichelin vừa đánh quái may mắn nhận được 1 trang bị Set kích hoạt,iammichelin,,,,Set kích hoạt,0,2026-07-05 11:56:58
9086965,2026-07-05 00:11:18,Super 1,SYSTEM,tinhgoodboy vừa đánh quái may mắn nhận được 1 trang bị Set kích hoạt,tinhgoodboy,,,,Set kích hoạt,0,2026-07-05 11:56:58
9082347,2026-07-04 21:31:05,Super 1,SYSTEM,[HT] scarface vừa đánh quái may mắn nhận được 1 trang bị Set kích hoạt Gohan,,,,,Set kích hoạt Gohan,0,2026-07-04 14:59:42
9080682,2026-07-04 20:32:03,Super 1,SYSTEM,meoudzxz vừa đánh quái may mắn nhận được 1 trang bị Set kích hoạt,meoudzxz,,,,Set kích hoạt,0,2026-07-04 14:59:42
9077725,2026-07-04 18:39:02,Super 1,SYSTEM,mimeo1s vừa đánh quái may mắn nhận được 1 trang bị Set kích hoạt,mimeo1s,,,,Set kích hoạt,0,2026-07-04 14:59:42
9076502,2026-07-04 17:52:38,Super 1,SYSTEM,[HT] supperz vừa đánh quái may mắn nhận được 1 trang bị Set kích hoạt Gohan,,,,,Set kích hoạt Gohan,0,2026-07-04 14:59:42
9076486,2026-07-04 17:52:14,Super 1,SYSTEM,zayne vừa đánh quái may mắn nhận được 1 trang bị Set kích hoạt,zayne,,,,Set kích hoạt,0,2026-07-04 14:59:42
9076256,2026-07-04 17:45:13,Super 1,SYSTEM,liying vừa đánh quái may mắn nhận được 1 trang bị Set kích hoạt,liying,,,,Set kích hoạt,0,2026-07-04 14:59:42
9075498,2026-07-04 17:17:01,Super 1,SYSTEM,[HT] killuryon vừa đánh quái may mắn nhận được 1 trang bị Set kích hoạt Gohan,,,,,Set kích hoạt Gohan,0,2026-07-04 14:59:42
9073780,2026-07-04 16:13:13,Super 1,SYSTEM,dukich1 vừa đánh quái may mắn nhận được 1 trang bị Set kích hoạt Set Cađic M,dukich1,,,,Set kích hoạt Set Cađic M,0,2026-07-04 14:59:42
9073668,2026-07-04 16:09:37,Super 1,SYSTEM,[HT] superhawk vừa đánh quái may mắn nhận được 1 trang bị Set kích hoạt Gohan,,,,,Set kích hoạt Gohan,0,2026-07-04 14:59:42
9072883,2026-07-04 15:40:00,Super 1,SYSTEM,toilatewo vừa đánh quái may mắn nhận được 1 trang bị Set kích hoạt,toilatewo,,,,Set kích hoạt,0,2026-07-04 14:59:42
9072872,2026-07-04 15:39:36,Super 1,SYSTEM,mavuonglord vừa đánh quái may mắn nhận được 1 trang bị Set kích hoạt,mavuonglord,,,,Set kích hoạt,0,2026-07-04 14:59:42
9071042,2026-07-04 14:30:47,Super 1,SYSTEM,echvabaoo vừa đánh quái may mắn nhận được 1 trang bị Set kích hoạt,echvabaoo,,,,Set kích hoạt,0,2026-07-04 14:59:42
9070830,2026-07-04 14:22:34,Super 1,SYSTEM,liying vừa đánh quái may mắn nhận được 1 trang bị Set kích hoạt,liying,,,,Set kích hoạt,0,2026-07-04 14:59:42
9070610,2026-07-04 14:14:11,Super 1,SYSTEM,hungdzsuper vừa đánh quái may mắn nhận được 1 trang bị Set kích hoạt Set Nail chiến binh Namếc,hungdzsuper,,,,Set kích hoạt Set Nail chiến binh Namếc,0,2026-07-04 14:59:42
9070240,2026-07-04 13:59:58,Super 1,SYSTEM,bachlien vừa đánh quái may mắn nhận được 1 trang bị Set kích hoạt,bachlien,,,,Set kích hoạt,0,2026-07-04 14:59:42
9069959,2026-07-04 13:48:35,Super 1,SYSTEM,satorugoku vừa đánh quái may mắn nhận được 1 trang bị Set kích hoạt Set Cađic M,satorugoku,,,,Set kích hoạt Set Cađic M,0,2026-07-04 14:59:42
9068663,2026-07-04 12:58:22,Super 1,SYSTEM,troinang vừa đánh quái may mắn nhận được 1 trang bị Set kích hoạt,troinang,,,,Set kích hoạt,0,2026-07-04 14:59:42
9066867,2026-07-04 12:07:10,Super 1,SYSTEM,tmxeko vừa đánh quái may mắn nhận được 1 trang bị Set kích hoạt,tmxeko,,,,Set kích hoạt,0,2026-07-04 14:59:42
9065130,2026-07-04 11:16:09,Super 1,SYSTEM,monkey1sp vừa đánh quái may mắn nhận được 1 trang bị Set kích hoạt,monkey1sp,,,,Set kích hoạt,0,2026-07-04 14:59:42
9065026,2026-07-04 11:13:08,Super 1,SYSTEM,liying vừa đánh quái may mắn nhận được 1 trang bị Set kích hoạt,liying,,,,Set kích hoạt,0,2026-07-04 14:59:42
9064038,2026-07-04 10:41:45,Super 1,SYSTEM,troinang vừa đánh quái may mắn nhận được 1 trang bị Set kích hoạt Set Cađic M,troinang,,,,Set kích hoạt Set Cađic M,0,2026-07-04 14:59:42
9063712,2026-07-04 10:31:57,Super 1,SYSTEM,plastic007 vừa đánh quái may mắn nhận được 1 trang bị Set kích hoạt Set Thần Vũ Trụ Kaio,plastic007,,,,Set kích hoạt Set Thần Vũ Trụ Kaio,0,2026-07-04 14:59:42
9063126,2026-07-04 10:12:09,Super 1,SYSTEM,liying vừa đánh quái may mắn nhận được 1 trang bị Set kích hoạt,liying,,,,Set kích hoạt,0,2026-07-04 14:59:42
9062470,2026-07-04 09:50:45,Super 1,SYSTEM,mimeo1s vừa đánh quái may mắn nhận được 1 trang bị Set kích hoạt Set Cađic M,mimeo1s,,,,Set kích hoạt Set Cađic M,0,2026-07-04 14:59:42
9061915,2026-07-04 09:34:21,Super 1,SYSTEM,0ngdayc0n vừa đánh quái may mắn nhận được 1 trang bị Set kích hoạt Set Thần Vũ Trụ Kaio,0ngdayc0n,,,,Set kích hoạt Set Thần Vũ Trụ Kaio,0,2026-07-04 14:59:42
9061794,2026-07-04 09:30:09,Super 1,SYSTEM,[HT] hungxauzaj vừa đánh quái may mắn nhận được 1 trang bị Set kích hoạt Gohan,,,,,Set kích hoạt Gohan,0,2026-07-04 14:59:42
9060763,2026-07-04 08:58:08,Super 1,SYSTEM,herosgk vừa đánh quái may mắn nhận được 1 trang bị Set kích hoạt,herosgk,,,,Set kích hoạt,0,2026-07-04 14:59:42
9059529,2026-07-04 08:14:31,Super 1,SYSTEM,carotblack vừa đánh quái may mắn nhận được 1 trang bị Set kích hoạt,carotblack,,,,Set kích hoạt,0,2026-07-04 14:59:42
9057097,2026-07-04 06:47:31,Super 1,SYSTEM,herosgk vừa đánh quái may mắn nhận được 1 trang bị Set kích hoạt,herosgk,,,,Set kích hoạt,0,2026-07-04 14:59:42
9056885,2026-07-04 06:38:54,Super 1,SYSTEM,satorugoku vừa đánh quái may mắn nhận được 1 trang bị Set kích hoạt,satorugoku,,,,Set kích hoạt,0,2026-07-04 14:59:42
9056878,2026-07-04 06:38:42,Super 1,SYSTEM,emquenanhroi vừa đánh quái may mắn nhận được 1 trang bị Set kích hoạt Set Cađic M,emquenanhroi,,,,Set kích hoạt Set Cađic M,0,2026-07-04 14:59:43
9056858,2026-07-04 06:37:30,Super 1,SYSTEM,carotblack vừa đánh quái may mắn nhận được 1 trang bị Set kích hoạt Set Thần Vũ Trụ Kaio,carotblack,,,,Set kích hoạt Set Thần Vũ Trụ Kaio,0,2026-07-04 14:59:43
9055057,2026-07-04 05:24:31,Super 1,SYSTEM,sasuzanus vừa đánh quái may mắn nhận được 1 trang bị Set kích hoạt Set Thần Vũ Trụ Kaio,sasuzanus,,,,Set kích hoạt Set Thần Vũ Trụ Kaio,0,2026-07-04 14:59:43
9054749,2026-07-04 05:10:42,Super 1,SYSTEM,chubodoi1 vừa đánh quái may mắn nhận được 1 trang bị Set kích hoạt Set Cađic M,chubodoi1,,,,Set kích hoạt Set Cađic M,0,2026-07-04 14:59:43
9052560,2026-07-04 03:03:42,Super 1,SYSTEM,quyzanh234x vừa đánh quái may mắn nhận được 1 trang bị Set kích hoạt,quyzanh234x,,,,Set kích hoạt,0,2026-07-04 14:59:43
9050743,2026-07-04 01:43:29,Super 1,SYSTEM,chubodoi1 vừa đánh quái may mắn nhận được 1 trang bị Set kích hoạt Set Cađic M,chubodoi1,,,,Set kích hoạt Set Cađic M,0,2026-07-03 18:43:56
9048491,2026-07-04 00:19:15,Super 1,SYSTEM,carotblack vừa đánh quái may mắn nhận được 1 trang bị Set kích hoạt,carotblack,,,,Set kích hoạt,0,2026-07-03 17:19:53
9047848,2026-07-03 23:53:27,Super 1,SYSTEM,zayne vừa đánh quái may mắn nhận được 1 trang bị Set kích hoạt,zayne,,,,Set kích hoạt,0,2026-07-03 17:12:51
9047619,2026-07-03 23:46:02,Super 1,SYSTEM,[HT] elpollo vừa đánh quái may mắn nhận được 1 trang bị Set kích hoạt Gohan,,,,,Set kích hoạt Gohan,0,2026-07-03 17:12:51
9046632,2026-07-03 23:10:02,Super 1,SYSTEM,plastic007 vừa đánh quái may mắn nhận được 1 trang bị Set kích hoạt,plastic007,,,,Set kích hoạt,0,2026-07-03 17:12:51
9046453,2026-07-03 23:04:26,Super 1,SYSTEM,satorugoku vừa đánh quái may mắn nhận được 1 trang bị Set kích hoạt Set Cađic M,satorugoku,,,,Set kích hoạt Set Cađic M,0,2026-07-03 17:12:51
9045720,2026-07-03 22:36:49,Super 1,SYSTEM,plastic007 vừa đánh quái may mắn nhận được 1 trang bị Set kích hoạt,plastic007,,,,Set kích hoạt,0,2026-07-03 17:12:51
9043590,2026-07-03 21:24:50,Super 1,SYSTEM,xuanhuongg vừa đánh quái may mắn nhận được 1 trang bị Set kích hoạt,xuanhuongg,,,,Set kích hoạt,0,2026-07-03 17:12:51
9043055,2026-07-03 21:06:49,Super 1,SYSTEM,troinang vừa đánh quái may mắn nhận được 1 trang bị Set kích hoạt,troinang,,,,Set kích hoạt,0,2026-07-03 17:12:51
9041979,2026-07-03 20:34:01,Super 1,SYSTEM,jack97sp vừa đánh quái may mắn nhận được 1 trang bị Set kích hoạt,jack97sp,,,,Set kích hoạt,0,2026-07-03 17:12:51
9041820,2026-07-03 20:27:13,Super 1,SYSTEM,plastic007 vừa đánh quái may mắn nhận được 1 trang bị Set kích hoạt Set Thần Vũ Trụ Kaio,plastic007,,,,Set kích hoạt Set Thần Vũ Trụ Kaio,0,2026-07-03 17:12:51
9038159,2026-07-03 18:22:49,Super 1,SYSTEM,xuanhuongg vừa đánh quái may mắn nhận được 1 trang bị Set kích hoạt,xuanhuongg,,,,Set kích hoạt,0,2026-07-03 17:12:51
9037578,2026-07-03 18:04:59,Super 1,SYSTEM,xnamthanx vừa đánh quái may mắn nhận được 1 trang bị Set kích hoạt,xnamthanx,,,,Set kích hoạt,0,2026-07-03 17:12:52
9037291,2026-07-03 17:55:24,Super 1,SYSTEM,monkey1sp vừa đánh quái may mắn nhận được 1 trang bị Set kích hoạt,monkey1sp,,,,Set kích hoạt,0,2026-07-03 17:12:52
9037229,2026-07-03 17:53:36,Super 1,SYSTEM,herokok vừa đánh quái may mắn nhận được 1 trang bị Set kích hoạt Set Thần Vũ Trụ Kaio,herokok,,,,Set kích hoạt Set Thần Vũ Trụ Kaio,0,2026-07-03 17:12:52
9033259,2026-07-03 15:29:34,Super 1,SYSTEM,sasuzanus vừa đánh quái may mắn nhận được 1 trang bị Set kích hoạt,sasuzanus,,,,Set kích hoạt,0,2026-07-03 17:12:52
9033195,2026-07-03 15:27:58,Super 1,SYSTEM,0ngdayc0n vừa đánh quái may mắn nhận được 1 trang bị Set kích hoạt,0ngdayc0n,,,,Set kích hoạt,0,2026-07-03 17:12:52
9033049,2026-07-03 15:21:45,Super 1,SYSTEM,toilatewo vừa đánh quái may mắn nhận được 1 trang bị Set kích hoạt,toilatewo,,,,Set kích hoạt,0,2026-07-03 17:12:52
9032376,2026-07-03 15:00:33,Super 1,SYSTEM,vuahp15 vừa đánh quái may mắn nhận được 1 trang bị Set kích hoạt,vuahp15,,,,Set kích hoạt,0,2026-07-03 17:12:52
9032348,2026-07-03 14:58:57,Super 1,SYSTEM,mavuonglord vừa đánh quái may mắn nhận được 1 trang bị Set kích hoạt,mavuonglord,,,,Set kích hoạt,0,2026-07-03 17:12:52
9031176,2026-07-03 14:09:10,Super 1,SYSTEM,davidvn vừa đánh quái may mắn nhận được 1 trang bị Set kích hoạt Set Thần Vũ Trụ Kaio,davidvn,,,,Set kích hoạt Set Thần Vũ Trụ Kaio,0,2026-07-03 17:12:52
9029695,2026-07-03 13:15:45,Super 1,SYSTEM,toilatewo vừa đánh quái may mắn nhận được 1 trang bị Set kích hoạt,toilatewo,,,,Set kích hoạt,0,2026-07-03 17:12:52
9028151,2026-07-03 12:23:33,Super 1,SYSTEM,echvabaoo vừa đánh quái may mắn nhận được 1 trang bị Set kích hoạt,echvabaoo,,,,Set kích hoạt,0,2026-07-03 17:12:52
9027869,2026-07-03 12:16:20,Super 1,SYSTEM,[HT] igokusama vừa đánh quái may mắn nhận được 1 trang bị Set kích hoạt Gohan,,,,,Set kích hoạt Gohan,0,2026-07-03 17:12:52
9026045,2026-07-03 11:15:08,Super 1,SYSTEM,cyclonedds12 vừa đánh quái may mắn nhận được 1 trang bị Set kích hoạt,cyclonedds12,,,,Set kích hoạt,0,2026-07-03 17:12:52
9025874,2026-07-03 11:09:08,Super 1,SYSTEM,[HT] quyzanh234x vừa đánh quái may mắn nhận được 1 trang bị Set kích hoạt Gohan,,,,,Set kích hoạt Gohan,0,2026-07-03 17:12:52
9023863,2026-07-03 10:00:19,Super 1,SYSTEM,jack97sp vừa đánh quái may mắn nhận được 1 trang bị Set kích hoạt,jack97sp,,,,Set kích hoạt,0,2026-07-03 03:24:56
9023602,2026-07-03 09:51:32,Super 1,SYSTEM,sasuzanus vừa đánh quái may mắn nhận được 1 trang bị Set kích hoạt,sasuzanus,,,,Set kích hoạt,0,2026-07-03 03:24:56
9021161,2026-07-03 08:34:31,Super 1,SYSTEM,sasuzanus vừa đánh quái may mắn nhận được 1 trang bị Set kích hoạt,sasuzanus,,,,Set kích hoạt,0,2026-07-03 03:24:56
9016008,2026-07-03 05:47:29,Super 1,SYSTEM,sasuzanus vừa đánh quái may mắn nhận được 1 trang bị Set kích hoạt,sasuzanus,,,,Set kích hoạt,0,2026-07-03 00:41:46
9015809,2026-07-03 05:37:06,Super 1,SYSTEM,xuanhuongg vừa đánh quái may mắn nhận được 1 trang bị Set kích hoạt,xuanhuongg,,,,Set kích hoạt,0,2026-07-03 00:41:46
9015655,2026-07-03 05:32:18,Super 1,SYSTEM,ngocdao vừa đánh quái may mắn nhận được 1 trang bị Set kích hoạt,ngocdao,,,,Set kích hoạt,0,2026-07-03 00:41:46
9014935,2026-07-03 04:56:06,Super 1,SYSTEM,sasuzanus vừa đánh quái may mắn nhận được 1 trang bị Set kích hoạt,sasuzanus,,,,Set kích hoạt,0,2026-07-03 00:41:46
9011334,2026-07-03 02:08:30,Super 1,SYSTEM,plastic007 vừa đánh quái may mắn nhận được 1 trang bị Set kích hoạt Set Thần Vũ Trụ Kaio,plastic007,,,,Set kích hoạt Set Thần Vũ Trụ Kaio,0,2026-07-03 00:41:46
9010830,2026-07-03 01:52:18,Super 1,SYSTEM,antoidima vừa đánh quái may mắn nhận được 1 trang bị Set kích hoạt,antoidima,,,,Set kích hoạt,0,2026-07-03 00:41:46
9007934,2026-07-03 00:09:16,Super 1,SYSTEM,0ngdayc0n vừa đánh quái may mắn nhận được 1 trang bị Set kích hoạt,0ngdayc0n,,,,Set kích hoạt,0,2026-07-03 00:38:28
9007777,2026-07-03 00:02:52,Super 1,SYSTEM,kakapote vừa đánh quái may mắn nhận được 1 trang bị Set kích hoạt,kakapote,,,,Set kích hoạt,0,2026-07-03 00:38:28
9007431,2026-07-02 23:51:05,Super 1,SYSTEM,ngocdao vừa đánh quái may mắn nhận được 1 trang bị Set kích hoạt Set Thần Vũ Trụ Kaio,ngocdao,,,,Set kích hoạt Set Thần Vũ Trụ Kaio,0,2026-07-03 00:38:28
9006831,2026-07-02 23:31:29,Super 1,SYSTEM,sasuzanus vừa đánh quái may mắn nhận được 1 trang bị Set kích hoạt,sasuzanus,,,,Set kích hoạt,0,2026-07-03 00:38:28
9006764,2026-07-02 23:29:41,Super 1,SYSTEM,echvabaoo vừa đánh quái may mắn nhận được 1 trang bị Set kích hoạt Set Thần Vũ Trụ Kaio,echvabaoo,,,,Set kích hoạt Set Thần Vũ Trụ Kaio,0,2026-07-03 00:38:28
9006362,2026-07-02 23:15:27,Super 1,SYSTEM,zayne vừa đánh quái may mắn nhận được 1 trang bị Set kích hoạt Set Cađic M,zayne,,,,Set kích hoạt Set Cađic M,0,2026-07-03 00:38:28
9005107,2026-07-02 22:30:27,Super 1,SYSTEM,kakapote vừa đánh quái may mắn nhận được 1 trang bị Set kích hoạt,kakapote,,,,Set kích hoạt,0,2026-07-03 00:38:28
9004685,2026-07-02 22:15:28,Super 1,SYSTEM,dukich1 vừa đánh quái may mắn nhận được 1 trang bị Set kích hoạt,dukich1,,,,Set kích hoạt,0,2026-07-03 00:38:28
9003768,2026-07-02 21:46:27,Super 1,SYSTEM,iammichelin vừa đánh quái may mắn nhận được 1 trang bị Set kích hoạt,iammichelin,,,,Set kích hoạt,0,2026-07-03 00:38:28
9003731,2026-07-02 21:45:27,Super 1,SYSTEM,sasuzanus vừa đánh quái may mắn nhận được 1 trang bị Set kích hoạt,sasuzanus,,,,Set kích hoạt,0,2026-07-03 00:38:28
9002935,2026-07-02 21:20:14,Super 1,SYSTEM,[HT] siufapsu vừa đánh quái may mắn nhận được 1 trang bị Set kích hoạt Gohan,,,,,Set kích hoạt Gohan,0,2026-07-03 00:38:28
9001082,2026-07-02 20:23:03,Super 1,SYSTEM,thsang006 vừa đánh quái may mắn nhận được 1 trang bị Set kích hoạt,thsang006,,,,Set kích hoạt,0,2026-07-03 00:38:28
8997373,2026-07-02 18:18:37,Super 1,SYSTEM,[HT] nickz vừa đánh quái may mắn nhận được 1 trang bị Set kích hoạt Gohan,,,,,Set kích hoạt Gohan,0,2026-07-03 00:38:28
8996767,2026-07-02 17:57:01,Super 1,SYSTEM,sasuzanus vừa đánh quái may mắn nhận được 1 trang bị Set kích hoạt,sasuzanus,,,,Set kích hoạt,0,2026-07-03 00:38:28
8995796,2026-07-02 17:24:48,Super 1,SYSTEM,ngocdao vừa đánh quái may mắn nhận được 1 trang bị Set kích hoạt Set Thần Vũ Trụ Kaio,ngocdao,,,,Set kích hoạt Set Thần Vũ Trụ Kaio,0,2026-07-03 00:38:28
8993373,2026-07-02 15:54:12,Super 1,SYSTEM,plastic007 vừa đánh quái may mắn nhận được 1 trang bị Set kích hoạt,plastic007,,,,Set kích hoạt,0,2026-07-03 00:38:28
8992754,2026-07-02 15:30:23,Super 1,SYSTEM,mavuonglord vừa đánh quái may mắn nhận được 1 trang bị Set kích hoạt,mavuonglord,,,,Set kích hoạt,0,2026-07-03 00:38:28
8991564,2026-07-02 14:45:23,Super 1,SYSTEM,orstedno1 vừa đánh quái may mắn nhận được 1 trang bị Set kích hoạt,orstedno1,,,,Set kích hoạt,0,2026-07-03 00:38:28
8991075,2026-07-02 14:26:45,Super 1,SYSTEM,plastic007 vừa đánh quái may mắn nhận được 1 trang bị Set kích hoạt,plastic007,,,,Set kích hoạt,0,2026-07-03 00:38:28
8990711,2026-07-02 14:12:34,Super 1,SYSTEM,gokushopeee vừa đánh quái may mắn nhận được 1 trang bị Set kích hoạt Set Cađic M,gokushopeee,,,,Set kích hoạt Set Cađic M,0,2026-07-03 00:38:28
8990552,2026-07-02 14:05:57,Super 1,SYSTEM,dukich1 vừa đánh quái may mắn nhận được 1 trang bị Set kích hoạt Set Cađic M,dukich1,,,,Set kích hoạt Set Cađic M,0,2026-07-03 00:38:29
8989116,2026-07-02 13:13:08,Super 1,SYSTEM,toilatewo vừa đánh quái may mắn nhận được 1 trang bị Set kích hoạt,toilatewo,,,,Set kích hoạt,0,2026-07-03 00:38:29
8989014,2026-07-02 13:09:22,Super 1,SYSTEM,sasuzanus vừa đánh quái may mắn nhận được 1 trang bị Set kích hoạt,sasuzanus,,,,Set kích hoạt,0,2026-07-03 00:38:29
8988740,2026-07-02 13:01:09,Super 1,SYSTEM,herokakarot vừa đánh quái may mắn nhận được 1 trang bị Set kích hoạt,herokakarot,,,,Set kích hoạt,0,2026-07-03 00:38:29
8986029,2026-07-02 11:40:56,Super 1,SYSTEM,sasuzanus vừa đánh quái may mắn nhận được 1 trang bị Set kích hoạt,sasuzanus,,,,Set kích hoạt,0,2026-07-03 00:38:29
8983011,2026-07-02 10:03:07,Super 1,SYSTEM,[HT] mgg242yj vừa đánh quái may mắn nhận được 1 trang bị Set kích hoạt Gohan,,,,,Set kích hoạt Gohan,0,2026-07-03 00:38:29
8979779,2026-07-02 08:19:31,Super 1,SYSTEM,satorugoku vừa đánh quái may mắn nhận được 1 trang bị Set kích hoạt,satorugoku,,,,Set kích hoạt,0,2026-07-03 00:38:29
8978734,2026-07-02 07:44:55,Super 1,SYSTEM,satorugoku vừa đánh quái may mắn nhận được 1 trang bị Set kích hoạt,satorugoku,,,,Set kích hoạt,0,2026-07-03 00:38:29
8978577,2026-07-02 07:38:55,Super 1,SYSTEM,plastic007 vừa đánh quái may mắn nhận được 1 trang bị Set kích hoạt Set Thần Vũ Trụ Kaio,plastic007,,,,Set kích hoạt Set Thần Vũ Trụ Kaio,0,2026-07-03 00:38:29
8977979,2026-07-02 07:16:07,Super 1,SYSTEM,chubodoi1 vừa đánh quái may mắn nhận được 1 trang bị Set kích hoạt,chubodoi1,,,,Set kích hoạt,0,2026-07-03 00:38:29
8977317,2026-07-02 06:53:55,Super 1,SYSTEM,bachlien vừa đánh quái may mắn nhận được 1 trang bị Set kích hoạt,bachlien,,,,Set kích hoạt,0,2026-07-03 00:38:29
8976513,2026-07-02 06:28:42,Super 1,SYSTEM,xuanhuongg vừa đánh quái may mắn nhận được 1 trang bị Set kích hoạt Set Thần Vũ Trụ Kaio,xuanhuongg,,,,Set kích hoạt Set Thần Vũ Trụ Kaio,0,2026-07-03 00:38:29
8975731,2026-07-02 06:02:42,Super 1,SYSTEM,zayne vừa đánh quái may mắn nhận được 1 trang bị Set kích hoạt Set Cađic M,zayne,,,,Set kích hoạt Set Cađic M,0,2026-07-03 00:38:29
8974970,2026-07-02 05:33:53,Super 1,SYSTEM,plastic007 vừa đánh quái may mắn nhận được 1 trang bị Set kích hoạt,plastic007,,,,Set kích hoạt,0,2026-07-03 00:38:29
8973131,2026-07-02 04:01:40,Super 1,SYSTEM,plastic007 vừa đánh quái may mắn nhận được 1 trang bị Set kích hoạt,plastic007,,,,Set kích hoạt,0,2026-07-03 00:38:29
8972389,2026-07-02 03:06:45,Super 1,SYSTEM,iilovethaoo vừa đánh quái may mắn nhận được 1 trang bị Set kích hoạt Set Cađic M,iilovethaoo,,,,Set kích hoạt Set Cađic M,0,2026-07-03 00:38:29
8972102,2026-07-02 02:54:57,Super 1,SYSTEM,iammichelin vừa đánh quái may mắn nhận được 1 trang bị Set kích hoạt,iammichelin,,,,Set kích hoạt,0,2026-07-03 00:38:29
8971976,2026-07-02 02:48:46,Super 1,SYSTEM,cyclonedds12 vừa đánh quái may mắn nhận được 1 trang bị Set kích hoạt,cyclonedds12,,,,Set kích hoạt,0,2026-07-03 00:38:29
8971914,2026-07-02 02:45:34,Super 1,SYSTEM,3ingtier vừa đánh quái may mắn nhận được 1 trang bị Set kích hoạt Set Cađic M,3ingtier,,,,Set kích hoạt Set Cađic M,0,2026-07-03 00:38:29
8970214,2026-07-02 01:42:08,Super 1,SYSTEM,bachlien vừa đánh quái may mắn nhận được 1 trang bị Set kích hoạt,bachlien,,,,Set kích hoạt,0,2026-07-03 00:38:29
8969300,2026-07-02 01:09:33,Super 1,SYSTEM,herokok vừa đánh quái may mắn nhận được 1 trang bị Set kích hoạt,herokok,,,,Set kích hoạt,0,2026-07-03 00:38:29
8968373,2026-07-02 00:35:07,Super 1,SYSTEM,mavuonglord vừa đánh quái may mắn nhận được 1 trang bị Set kích hoạt,mavuonglord,,,,Set kích hoạt,0,2026-07-03 00:38:29
8968246,2026-07-02 00:29:55,Super 1,SYSTEM,kakapote vừa đánh quái may mắn nhận được 1 trang bị Set kích hoạt,kakapote,,,,Set kích hoạt,0,2026-07-03 00:38:29
8967981,2026-07-02 00:21:44,Super 1,SYSTEM,satorugoku vừa đánh quái may mắn nhận được 1 trang bị Set kích hoạt Set Cađic M,satorugoku,,,,Set kích hoạt Set Cađic M,0,2026-07-03 00:38:29
8967956,2026-07-02 00:20:56,Super 1,SYSTEM,cbronappano1 vừa đánh quái may mắn nhận được 1 trang bị Set kích hoạt Set Cađic M,cbronappano1,,,,Set kích hoạt Set Cađic M,0,2026-07-03 00:38:29
8967749,2026-07-02 00:12:55,Super 1,SYSTEM,zayne vừa đánh quái may mắn nhận được 1 trang bị Set kích hoạt Set Cađic M,zayne,,,,Set kích hoạt Set Cađic M,0,2026-07-03 00:38:29
8967737,2026-07-02 00:12:31,Super 1,SYSTEM,plastic007 vừa đánh quái may mắn nhận được 1 trang bị Set kích hoạt,plastic007,,,,Set kích hoạt,0,2026-07-03 00:38:29
8966774,2026-07-01 23:40:54,Super 1,SYSTEM,troinang vừa đánh quái may mắn nhận được 1 trang bị Set kích hoạt,troinang,,,,Set kích hoạt,0,2026-07-03 00:38:29
8966710,2026-07-01 23:37:20,Super 1,SYSTEM,toilatewo vừa đánh quái may mắn nhận được 1 trang bị Set kích hoạt,toilatewo,,,,Set kích hoạt,0,2026-07-03 00:38:29
8966698,2026-07-01 23:36:44,Super 1,SYSTEM,onlymeinhere vừa đánh quái may mắn nhận được 1 trang bị Set kích hoạt,onlymeinhere,,,,Set kích hoạt,0,2026-07-03 00:38:29
8963632,2026-07-01 22:01:55,Super 1,SYSTEM,quyzanh234x vừa đánh quái may mắn nhận được 1 trang bị Set kích hoạt,quyzanh234x,,,,Set kích hoạt,0,2026-07-03 00:38:29
8963525,2026-07-01 21:58:31,Super 1,SYSTEM,cyclonedds12 vừa đánh quái may mắn nhận được 1 trang bị Set kích hoạt Set Thần Vũ Trụ Kaio,cyclonedds12,,,,Set kích hoạt Set Thần Vũ Trụ Kaio,0,2026-07-03 00:38:29
8962808,2026-07-01 21:38:19,Super 1,SYSTEM,gokushopeee vừa đánh quái may mắn nhận được 1 trang bị Set kích hoạt Set Cađic M,gokushopeee,,,,Set kích hoạt Set Cađic M,0,2026-07-03 00:38:29
8961037,2026-07-01 20:34:05,Super 1,SYSTEM,[HT] dnloksp1 vừa đánh quái may mắn nhận được 1 trang bị Set kích hoạt Gohan,,,,,Set kích hoạt Gohan,0,2026-07-03 00:38:29
8958824,2026-07-01 19:18:04,Super 1,SYSTEM,bachlien vừa đánh quái may mắn nhận được 1 trang bị Set kích hoạt Set Cađic M,bachlien,,,,Set kích hoạt Set Cađic M,0,2026-07-03 00:38:29
8957782,2026-07-01 18:44:53,Super 1,SYSTEM,3ingtier vừa đánh quái may mắn nhận được 1 trang bị Set kích hoạt Set Cađic M,3ingtier,,,,Set kích hoạt Set Cađic M,0,2026-07-03 00:38:29
8956808,2026-07-01 18:14:16,Super 1,SYSTEM,0ngdayc0n vừa đánh quái may mắn nhận được 1 trang bị Set kích hoạt,0ngdayc0n,,,,Set kích hoạt,0,2026-07-03 00:38:29
8956391,2026-07-01 17:59:40,Super 1,SYSTEM,dukich1 vừa đánh quái may mắn nhận được 1 trang bị Set kích hoạt Set Cađic M,dukich1,,,,Set kích hoạt Set Cađic M,0,2026-07-03 00:38:29
8953403,2026-07-01 16:14:21,Super 1,SYSTEM,zayne vừa đánh quái may mắn nhận được 1 trang bị Set kích hoạt,zayne,,,,Set kích hoạt,0,2026-07-03 00:38:29
8953110,2026-07-01 16:01:10,Super 1,SYSTEM,[HT] vitdinangg vừa đánh quái may mắn nhận được 1 trang bị Set kích hoạt Gohan,,,,,Set kích hoạt Gohan,0,2026-07-03 00:38:29
8952713,2026-07-01 15:48:33,Super 1,SYSTEM,quyzanh234x vừa đánh quái may mắn nhận được 1 trang bị Set kích hoạt,quyzanh234x,,,,Set kích hoạt,0,2026-07-03 00:38:29
8950478,2026-07-01 14:26:57,Super 1,SYSTEM,troinang vừa đánh quái may mắn nhận được 1 trang bị Set kích hoạt,troinang,,,,Set kích hoạt,0,2026-07-03 00:38:29
8950049,2026-07-01 14:11:44,Super 1,SYSTEM,[HT] supperz vừa đánh quái may mắn nhận được 1 trang bị Set kích hoạt Gohan,,,,,Set kích hoạt Gohan,0,2026-07-03 00:38:29
8949341,2026-07-01 13:41:43,Super 1,SYSTEM,seri36kvnd vừa đánh quái may mắn nhận được 1 trang bị Set kích hoạt Set Cađic M,seri36kvnd,,,,Set kích hoạt Set Cađic M,0,2026-07-03 00:38:29
8949120,2026-07-01 13:31:55,Super 1,SYSTEM,[HT] manhlee vừa đánh quái may mắn nhận được 1 trang bị Set kích hoạt Gohan,,,,,Set kích hoạt Gohan,0,2026-07-03 00:38:29
8946505,2026-07-01 12:09:31,Super 1,SYSTEM,carotblack vừa đánh quái may mắn nhận được 1 trang bị Set kích hoạt,carotblack,,,,Set kích hoạt,0,2026-07-03 00:38:29
8945743,2026-07-01 11:44:30,Super 1,SYSTEM,liying vừa đánh quái may mắn nhận được 1 trang bị Set kích hoạt Set Thần Vũ Trụ Kaio,liying,,,,Set kích hoạt Set Thần Vũ Trụ Kaio,0,2026-07-03 00:38:29
8944904,2026-07-01 11:15:20,Super 1,SYSTEM,hungdzsuper vừa đánh quái may mắn nhận được 1 trang bị Set kích hoạt Set Nail chiến binh Namếc,hungdzsuper,,,,Set kích hoạt Set Nail chiến binh Namếc,0,2026-07-03 00:38:29
8944064,2026-07-01 10:44:55,Super 1,SYSTEM,ngocdao vừa đánh quái may mắn nhận được 1 trang bị Set kích hoạt,ngocdao,,,,Set kích hoạt,0,2026-07-03 00:38:29
8943408,2026-07-01 10:23:07,Super 1,SYSTEM,[HT] herokok vừa đánh quái may mắn nhận được 1 trang bị Set kích hoạt Gohan,,,,,Set kích hoạt Gohan,0,2026-07-03 00:38:29
8942910,2026-07-01 10:06:31,Super 1,SYSTEM,toilatewo vừa đánh quái may mắn nhận được 1 trang bị Set kích hoạt,toilatewo,,,,Set kích hoạt,0,2026-07-03 00:38:30
8940034,2026-07-01 08:29:42,Super 1,SYSTEM,lkoklsvsp1l vừa đánh quái may mắn nhận được 1 trang bị Set kích hoạt,lkoklsvsp1l,,,,Set kích hoạt,0,2026-07-03 00:38:30
8940007,2026-07-01 08:28:54,Super 1,SYSTEM,iilovethaoo vừa đánh quái may mắn nhận được 1 trang bị Set kích hoạt,iilovethaoo,,,,Set kích hoạt,0,2026-07-03 00:38:30
8939571,2026-07-01 08:15:19,Super 1,SYSTEM,carotblack vừa đánh quái may mắn nhận được 1 trang bị Set kích hoạt,carotblack,,,,Set kích hoạt,0,2026-07-03 00:38:30
8939385,2026-07-01 08:07:54,Super 1,SYSTEM,3ingtier vừa đánh quái may mắn nhận được 1 trang bị Set kích hoạt,3ingtier,,,,Set kích hoạt,0,2026-07-03 00:38:30
8938521,2026-07-01 07:42:30,Super 1,SYSTEM,cyclonedds12 vừa đánh quái may mắn nhận được 1 trang bị Set kích hoạt,cyclonedds12,,,,Set kích hoạt,0,2026-07-03 00:38:30
8935204,2026-07-01 06:01:52,Super 1,SYSTEM,quyzanh234x vừa đánh quái may mắn nhận được 1 trang bị Set kích hoạt,quyzanh234x,,,,Set kích hoạt,0,2026-07-03 00:38:30
8932812,2026-07-01 04:26:40,Super 1,SYSTEM,thsangpro01 vừa đánh quái may mắn nhận được 1 trang bị Set kích hoạt,thsangpro01,,,,Set kích hoạt,0,2026-07-03 00:38:30
8931050,2026-07-01 02:38:31,Super 1,SYSTEM,anluonsever vừa đánh quái may mắn nhận được 1 trang bị Set kích hoạt,anluonsever,,,,Set kích hoạt,0,2026-07-03 00:38:30
8930958,2026-07-01 02:34:45,Super 1,SYSTEM,0ngdayc0n vừa đánh quái may mắn nhận được 1 trang bị Set kích hoạt Set Thần Vũ Trụ Kaio,0ngdayc0n,,,,Set kích hoạt Set Thần Vũ Trụ Kaio,0,2026-07-03 00:38:30
8929880,2026-07-01 01:51:43,Super 1,SYSTEM,hoangpzvm vừa đánh quái may mắn nhận được 1 trang bị Set kích hoạt,hoangpzvm,,,,Set kích hoạt,0,2026-07-03 00:38:30
8928541,2026-07-01 01:01:30,Super 1,SYSTEM,anluonsever vừa đánh quái may mắn nhận được 1 trang bị Set kích hoạt,anluonsever,,,,Set kích hoạt,0,2026-07-03 00:38:30
8925633,2026-06-30 23:27:42,Super 1,SYSTEM,cbronappano1 vừa đánh quái may mắn nhận được 1 trang bị Set kích hoạt,cbronappano1,,,,Set kích hoạt,0,2026-07-03 00:38:30
8924927,2026-06-30 23:02:29,Super 1,SYSTEM,vuahp15 vừa đánh quái may mắn nhận được 1 trang bị Set kích hoạt,vuahp15,,,,Set kích hoạt,0,2026-07-03 00:38:30
8923938,2026-06-30 22:32:31,Super 1,SYSTEM,herokok vừa đánh quái may mắn nhận được 1 trang bị Set kích hoạt,herokok,,,,Set kích hoạt,0,2026-07-03 00:38:30
8922056,2026-06-30 21:39:06,Super 1,SYSTEM,[HT] upvang01 vừa đánh quái may mắn nhận được 1 trang bị Set kích hoạt Gohan,,,,,Set kích hoạt Gohan,0,2026-07-03 00:38:30
8919834,2026-06-30 20:27:05,Super 1,SYSTEM,troinang vừa đánh quái may mắn nhận được 1 trang bị Set kích hoạt,troinang,,,,Set kích hoạt,0,2026-07-03 00:38:30
8917666,2026-06-30 19:18:52,Super 1,SYSTEM,zayne vừa đánh quái may mắn nhận được 1 trang bị Set kích hoạt,zayne,,,,Set kích hoạt,0,2026-07-03 00:38:30
8917351,2026-06-30 19:08:39,Super 1,SYSTEM,cyclonedds12 vừa đánh quái may mắn nhận được 1 trang bị Set kích hoạt,cyclonedds12,,,,Set kích hoạt,0,2026-07-03 00:38:30
8916400,2026-06-30 18:38:17,Super 1,SYSTEM,hoangpzvm vừa đánh quái may mắn nhận được 1 trang bị Set kích hoạt,hoangpzvm,,,,Set kích hoạt,0,2026-07-03 00:38:30
8914381,2026-06-30 17:32:26,Super 1,SYSTEM,iammichelin vừa đánh quái may mắn nhận được 1 trang bị Set kích hoạt,iammichelin,,,,Set kích hoạt,0,2026-07-03 00:38:30
8911280,2026-06-30 15:44:38,Super 1,SYSTEM,hungdzsuper vừa đánh quái may mắn nhận được 1 trang bị Set kích hoạt,hungdzsuper,,,,Set kích hoạt,0,2026-07-03 00:38:30
8910696,2026-06-30 15:23:26,Super 1,SYSTEM,gokushopeee vừa đánh quái may mắn nhận được 1 trang bị Set kích hoạt Set Cađic M,gokushopeee,,,,Set kích hoạt Set Cađic M,0,2026-07-03 00:38:30
8909691,2026-06-30 14:44:14,Super 1,SYSTEM,pocolele0 vừa đánh quái may mắn nhận được 1 trang bị Set kích hoạt Set Nail chiến binh Namếc,pocolele0,,,,Set kích hoạt Set Nail chiến binh Namếc,0,2026-07-03 00:38:30
8909114,2026-06-30 14:23:14,Super 1,SYSTEM,toilatewo vừa đánh quái may mắn nhận được 1 trang bị Set kích hoạt,toilatewo,,,,Set kích hoạt,0,2026-07-03 00:38:30
8908223,2026-06-30 13:45:13,Super 1,SYSTEM,toilatewo vừa đánh quái may mắn nhận được 1 trang bị Set kích hoạt,toilatewo,,,,Set kích hoạt,0,2026-07-03 00:38:30
8907445,2026-06-30 13:14:26,Super 1,SYSTEM,[HT] 0ff0vui vừa đánh quái may mắn nhận được 1 trang bị Set kích hoạt Gohan,,,,,Set kích hoạt Gohan,0,2026-07-03 00:38:30
8906109,2026-06-30 12:31:36,Super 1,SYSTEM,carotblack vừa đánh quái may mắn nhận được 1 trang bị Set kích hoạt,carotblack,,,,Set kích hoạt,0,2026-07-03 00:38:30
8905030,2026-06-30 12:02:25,Super 1,SYSTEM,hungdzsuper vừa đánh quái may mắn nhận được 1 trang bị Set kích hoạt,hungdzsuper,,,,Set kích hoạt,0,2026-07-03 00:38:30
8905013,2026-06-30 12:01:37,Super 1,SYSTEM,hoangpzvm vừa đánh quái may mắn nhận được 1 trang bị Set kích hoạt,hoangpzvm,,,,Set kích hoạt,0,2026-07-03 00:38:30
8902888,2026-06-30 10:54:00,Super 1,SYSTEM,11ztewoz vừa đánh quái may mắn nhận được 1 trang bị Set kích hoạt,11ztewoz,,,,Set kích hoạt,0,2026-07-03 00:38:30
8901788,2026-06-30 10:16:59,Super 1,SYSTEM,iammichelin vừa đánh quái may mắn nhận được 1 trang bị Set kích hoạt,iammichelin,,,,Set kích hoạt,0,2026-07-03 00:38:30
8900901,2026-06-30 09:46:36,Super 1,SYSTEM,sasuzanus vừa đánh quái may mắn nhận được 1 trang bị Set kích hoạt Set Thần Vũ Trụ Kaio,sasuzanus,,,,Set kích hoạt Set Thần Vũ Trụ Kaio,0,2026-07-03 00:38:30
8899176,2026-06-30 08:49:35,Super 1,SYSTEM,hungdzsuper vừa đánh quái may mắn nhận được 1 trang bị Set kích hoạt,hungdzsuper,,,,Set kích hoạt,0,2026-07-03 00:38:30
8895334,2026-06-30 06:49:22,Super 1,SYSTEM,onlymeinhere vừa đánh quái may mắn nhận được 1 trang bị Set kích hoạt Set Cađic M,onlymeinhere,,,,Set kích hoạt Set Cađic M,0,2026-07-03 00:38:30
8894935,2026-06-30 06:39:11,Super 1,SYSTEM,[HT] medium vừa đánh quái may mắn nhận được 1 trang bị Set kích hoạt Gohan,,,,,Set kích hoạt Gohan,0,2026-07-03 00:38:30
8894877,2026-06-30 06:36:58,Super 1,SYSTEM,vuahp15 vừa đánh quái may mắn nhận được 1 trang bị Set kích hoạt,vuahp15,,,,Set kích hoạt,0,2026-07-03 00:38:30
8893090,2026-06-30 05:47:10,Super 1,SYSTEM,tinhgoodboy vừa đánh quái may mắn nhận được 1 trang bị Set kích hoạt,tinhgoodboy,,,,Set kích hoạt,0,2026-07-03 00:38:30
8892784,2026-06-30 05:35:45,Super 1,SYSTEM,bachlien vừa đánh quái may mắn nhận được 1 trang bị Set kích hoạt,bachlien,,,,Set kích hoạt,0,2026-07-03 00:38:30
8891349,2026-06-30 04:38:38,Super 1,SYSTEM,sasuzanus vừa đánh quái may mắn nhận được 1 trang bị Set kích hoạt,sasuzanus,,,,Set kích hoạt,0,2026-07-03 00:38:30
8888930,2026-06-30 02:27:35,Super 1,SYSTEM,sasuzanus vừa đánh quái may mắn nhận được 1 trang bị Set kích hoạt,sasuzanus,,,,Set kích hoạt,0,2026-07-03 00:38:30
8888309,2026-06-30 02:07:47,Super 1,SYSTEM,hoangpzvm vừa đánh quái may mắn nhận được 1 trang bị Set kích hoạt,hoangpzvm,,,,Set kích hoạt,0,2026-07-03 00:38:30
8888019,2026-06-30 01:58:34,Super 1,SYSTEM,redfinger vừa đánh quái may mắn nhận được 1 trang bị Set kích hoạt,redfinger,,,,Set kích hoạt,0,2026-07-03 00:38:30
8887504,2026-06-30 01:40:46,Super 1,SYSTEM,sasuzanus vừa đánh quái may mắn nhận được 1 trang bị Set kích hoạt,sasuzanus,,,,Set kích hoạt,0,2026-07-03 00:38:30
8886327,2026-06-30 01:01:21,Super 1,SYSTEM,shuni vừa đánh quái may mắn nhận được 1 trang bị Set kích hoạt Set Cađic M,shuni,,,,Set kích hoạt Set Cađic M,0,2026-07-03 00:38:30
8884711,2026-06-30 00:08:22,Super 1,SYSTEM,cyclonedds12 vừa đánh quái may mắn nhận được 1 trang bị Set kích hoạt,cyclonedds12,,,,Set kích hoạt,0,2026-07-03 00:38:30
8884359,2026-06-29 23:56:21,Super 1,SYSTEM,sasuzanus vừa đánh quái may mắn nhận được 1 trang bị Set kích hoạt,sasuzanus,,,,Set kích hoạt,0,2026-07-03 00:38:30
8883373,2026-06-29 23:22:57,Super 1,SYSTEM,bachlien vừa đánh quái may mắn nhận được 1 trang bị Set kích hoạt,bachlien,,,,Set kích hoạt,0,2026-07-03 00:38:30
8882999,2026-06-29 23:10:08,Super 1,SYSTEM,thsang006 vừa đánh quái may mắn nhận được 1 trang bị Set kích hoạt,thsang006,,,,Set kích hoạt,0,2026-07-03 00:38:30
8881545,2026-06-29 22:17:31,Super 1,SYSTEM,shuni vừa đánh quái may mắn nhận được 1 trang bị Set kích hoạt,shuni,,,,Set kích hoạt,0,2026-07-03 00:38:30
8881156,2026-06-29 22:06:08,Super 1,SYSTEM,thaytuxn vừa đánh quái may mắn nhận được 1 trang bị Set kích hoạt,thaytuxn,,,,Set kích hoạt,0,2026-07-03 00:38:31
8880168,2026-06-29 21:34:31,Super 1,SYSTEM,sasuzanus vừa đánh quái may mắn nhận được 1 trang bị Set kích hoạt,sasuzanus,,,,Set kích hoạt,0,2026-07-03 00:38:31
8879216,2026-06-29 21:06:08,Super 1,SYSTEM,[HT] qcv0kk7gc vừa đánh quái may mắn nhận được 1 trang bị Set kích hoạt Gohan,,,,,Set kích hoạt Gohan,0,2026-07-03 00:38:31
8876524,2026-06-29 19:46:31,Super 1,SYSTEM,bachlien vừa đánh quái may mắn nhận được 1 trang bị Set kích hoạt,bachlien,,,,Set kích hoạt,0,2026-07-03 00:38:31
8875444,2026-06-29 19:16:54,Super 1,SYSTEM,herosgk vừa đánh quái may mắn nhận được 1 trang bị Set kích hoạt,herosgk,,,,Set kích hoạt,0,2026-07-03 00:38:31
8875360,2026-06-29 19:13:42,Super 1,SYSTEM,shuni vừa đánh quái may mắn nhận được 1 trang bị Set kích hoạt,shuni,,,,Set kích hoạt,0,2026-07-03 00:38:31
8873429,2026-06-29 18:17:54,Super 1,SYSTEM,echvabaoo vừa đánh quái may mắn nhận được 1 trang bị Set kích hoạt,echvabaoo,,,,Set kích hoạt,0,2026-07-03 00:38:31
8871753,2026-06-29 17:26:53,Super 1,SYSTEM,vuahp15 vừa đánh quái may mắn nhận được 1 trang bị Set kích hoạt,vuahp15,,,,Set kích hoạt,0,2026-07-03 00:38:31
8869782,2026-06-29 16:25:54,Super 1,SYSTEM,herosgk vừa đánh quái may mắn nhận được 1 trang bị Set kích hoạt,herosgk,,,,Set kích hoạt,0,2026-07-03 00:38:31
8867831,2026-06-29 15:18:15,Super 1,SYSTEM,cyclonedds12 vừa đánh quái may mắn nhận được 1 trang bị Set kích hoạt,cyclonedds12,,,,Set kích hoạt,0,2026-07-03 00:38:31
8867080,2026-06-29 14:52:05,Super 1,SYSTEM,[HT] j0f57xice vừa đánh quái may mắn nhận được 1 trang bị Set kích hoạt Gohan,,,,,Set kích hoạt Gohan,0,2026-07-03 00:38:31
8866656,2026-06-29 14:39:28,Super 1,SYSTEM,jack97sp vừa đánh quái may mắn nhận được 1 trang bị Set kích hoạt Set Nail chiến binh Namếc,jack97sp,,,,Set kích hoạt Set Nail chiến binh Namếc,0,2026-07-03 00:38:31
8866543,2026-06-29 14:36:15,Super 1,SYSTEM,cbronappano1 vừa đánh quái may mắn nhận được 1 trang bị Set kích hoạt,cbronappano1,,,,Set kích hoạt,0,2026-07-03 00:38:31
8866090,2026-06-29 14:20:16,Super 1,SYSTEM,echvabaoo vừa đánh quái may mắn nhận được 1 trang bị Set kích hoạt,echvabaoo,,,,Set kích hoạt,0,2026-07-03 00:38:31
8865127,2026-06-29 13:45:03,Super 1,SYSTEM,onlymeinhere vừa đánh quái may mắn nhận được 1 trang bị Set kích hoạt,onlymeinhere,,,,Set kích hoạt,0,2026-07-03 00:38:31
8864944,2026-06-29 13:39:52,Super 1,SYSTEM,echvabaoo vừa đánh quái may mắn nhận được 1 trang bị Set kích hoạt,echvabaoo,,,,Set kích hoạt,0,2026-07-03 00:38:31
8863836,2026-06-29 12:56:52,Super 1,SYSTEM,0ngdayc0n vừa đánh quái may mắn nhận được 1 trang bị Set kích hoạt,0ngdayc0n,,,,Set kích hoạt,0,2026-07-03 00:38:31
8863737,2026-06-29 12:54:40,Super 1,SYSTEM,anluonsever vừa đánh quái may mắn nhận được 1 trang bị Set kích hoạt Set Cađic M,anluonsever,,,,Set kích hoạt Set Cađic M,0,2026-07-03 00:38:31
8863354,2026-06-29 12:43:39,Super 1,SYSTEM,tinhgoodboy vừa đánh quái may mắn nhận được 1 trang bị Set kích hoạt,tinhgoodboy,,,,Set kích hoạt,0,2026-07-03 00:38:31
8861820,2026-06-29 12:01:51,Super 1,SYSTEM,hoangpzvm vừa đánh quái may mắn nhận được 1 trang bị Set kích hoạt,hoangpzvm,,,,Set kích hoạt,0,2026-07-03 00:38:31
8861313,2026-06-29 11:44:27,Super 1,SYSTEM,carotblack vừa đánh quái may mắn nhận được 1 trang bị Set kích hoạt Set Thần Vũ Trụ Kaio,carotblack,,,,Set kích hoạt Set Thần Vũ Trụ Kaio,0,2026-07-03 00:38:31
8861034,2026-06-29 11:36:02,Super 1,SYSTEM,vuahp15 vừa đánh quái may mắn nhận được 1 trang bị Set kích hoạt Set Cađic M,vuahp15,,,,Set kích hoạt Set Cađic M,0,2026-07-03 00:38:31
8860480,2026-06-29 11:19:27,Super 1,SYSTEM,echvabaoo vừa đánh quái may mắn nhận được 1 trang bị Set kích hoạt Set Thần Vũ Trụ Kaio,echvabaoo,,,,Set kích hoạt Set Thần Vũ Trụ Kaio,0,2026-07-03 00:38:31
8860023,2026-06-29 11:06:38,Super 1,SYSTEM,0ngdayc0n vừa đánh quái may mắn nhận được 1 trang bị Set kích hoạt,0ngdayc0n,,,,Set kích hoạt,0,2026-07-03 00:38:31
8859476,2026-06-29 10:48:26,Super 1,SYSTEM,[HT] topsuperrank vừa đánh quái may mắn nhận được 1 trang bị Set kích hoạt Gohan,,,,,Set kích hoạt Gohan,0,2026-07-03 00:38:31
8858226,2026-06-29 10:10:51,Super 1,SYSTEM,[HT] topsuperrank vừa đánh quái may mắn nhận được 1 trang bị Set kích hoạt Gohan,,,,,Set kích hoạt Gohan,0,2026-07-03 00:38:31
8858025,2026-06-29 10:03:38,Super 1,SYSTEM,11ztewoz vừa đánh quái may mắn nhận được 1 trang bị Set kích hoạt,11ztewoz,,,,Set kích hoạt,0,2026-07-03 00:38:31
8856749,2026-06-29 09:24:02,Super 1,SYSTEM,sasuzanus vừa đánh quái may mắn nhận được 1 trang bị Set kích hoạt Set Thần Vũ Trụ Kaio,sasuzanus,,,,Set kích hoạt Set Thần Vũ Trụ Kaio,0,2026-07-03 00:38:31
8856544,2026-06-29 09:15:37,Super 1,SYSTEM,gokushopeee vừa đánh quái may mắn nhận được 1 trang bị Set kích hoạt,gokushopeee,,,,Set kích hoạt,0,2026-07-03 00:38:31
8854480,2026-06-29 08:14:13,Super 1,SYSTEM,herokok vừa đánh quái may mắn nhận được 1 trang bị Set kích hoạt,herokok,,,,Set kích hoạt,0,2026-07-03 00:38:31
8854388,2026-06-29 08:11:49,Super 1,SYSTEM,[HT] supperz vừa đánh quái may mắn nhận được 1 trang bị Set kích hoạt Gohan,,,,,Set kích hoạt Gohan,0,2026-07-03 00:38:31
8853081,2026-06-29 07:36:12,Super 1,SYSTEM,toilatewo vừa đánh quái may mắn nhận được 1 trang bị Set kích hoạt Set Thần Vũ Trụ Kaio,toilatewo,,,,Set kích hoạt Set Thần Vũ Trụ Kaio,0,2026-07-03 00:38:31
8852953,2026-06-29 07:32:25,Super 1,SYSTEM,sasuzanus vừa đánh quái may mắn nhận được 1 trang bị Set kích hoạt Set Thần Vũ Trụ Kaio,sasuzanus,,,,Set kích hoạt Set Thần Vũ Trụ Kaio,0,2026-07-03 00:38:31
8852536,2026-06-29 07:21:12,Super 1,SYSTEM,[HT] brzxhw5ut vừa đánh quái may mắn nhận được 1 trang bị Set kích hoạt Gohan,,,,,Set kích hoạt Gohan,0,2026-07-03 00:38:31
8852386,2026-06-29 07:16:24,Super 1,SYSTEM,gokushopeee vừa đánh quái may mắn nhận được 1 trang bị Set kích hoạt,gokushopeee,,,,Set kích hoạt,0,2026-07-03 00:38:31
8852068,2026-06-29 07:08:13,Super 1,SYSTEM,emquenanhroi vừa đánh quái may mắn nhận được 1 trang bị Set kích hoạt,emquenanhroi,,,,Set kích hoạt,0,2026-07-03 00:38:31
8850008,2026-06-29 06:17:00,Super 1,SYSTEM,cbronappano1 vừa đánh quái may mắn nhận được 1 trang bị Set kích hoạt,cbronappano1,,,,Set kích hoạt,0,2026-07-03 00:38:31
8849630,2026-06-29 06:06:35,Super 1,SYSTEM,shuni vừa đánh quái may mắn nhận được 1 trang bị Set kích hoạt,shuni,,,,Set kích hoạt,0,2026-07-03 00:38:31
8848715,2026-06-29 05:41:11,Super 1,SYSTEM,herosgk vừa đánh quái may mắn nhận được 1 trang bị Set kích hoạt Set Thần Vũ Trụ Kaio,herosgk,,,,Set kích hoạt Set Thần Vũ Trụ Kaio,0,2026-07-03 00:38:31
8847070,2026-06-29 04:50:24,Super 1,SYSTEM,sasuzanus vừa đánh quái may mắn nhận được 1 trang bị Set kích hoạt,sasuzanus,,,,Set kích hoạt,0,2026-07-03 00:38:31
8846987,2026-06-29 04:48:12,Super 1,SYSTEM,namec2nail vừa đánh quái may mắn nhận được 1 trang bị Set kích hoạt,namec2nail,,,,Set kích hoạt,0,2026-07-03 00:38:31
8846938,2026-06-29 04:46:24,Super 1,SYSTEM,11ztewoz vừa đánh quái may mắn nhận được 1 trang bị Set kích hoạt,11ztewoz,,,,Set kích hoạt,0,2026-07-03 00:38:31
8845522,2026-06-29 03:18:40,Super 1,SYSTEM,tinhgoodboy vừa đánh quái may mắn nhận được 1 trang bị Set kích hoạt,tinhgoodboy,,,,Set kích hoạt,0,2026-07-03 00:38:31
8844996,2026-06-29 03:02:40,Super 1,SYSTEM,11ztewoz vừa đánh quái may mắn nhận được 1 trang bị Set kích hoạt,11ztewoz,,,,Set kích hoạt,0,2026-07-03 00:38:31
8844989,2026-06-29 03:02:28,Super 1,SYSTEM,gokushopeee vừa đánh quái may mắn nhận được 1 trang bị Set kích hoạt Set Cađic M,gokushopeee,,,,Set kích hoạt Set Cađic M,0,2026-07-03 00:38:31
8844749,2026-06-29 02:55:05,Super 1,SYSTEM,sasuzanus vừa đánh quái may mắn nhận được 1 trang bị Set kích hoạt,sasuzanus,,,,Set kích hoạt,0,2026-07-03 00:38:31
8844181,2026-06-29 02:33:41,Super 1,SYSTEM,bachlien vừa đánh quái may mắn nhận được 1 trang bị Set kích hoạt,bachlien,,,,Set kích hoạt,0,2026-07-03 00:38:31
8841554,2026-06-29 01:10:51,Super 1,SYSTEM,iilovethaoo vừa đánh quái may mắn nhận được 1 trang bị Set kích hoạt,iilovethaoo,,,,Set kích hoạt,0,2026-07-03 00:38:31
8839778,2026-06-29 00:23:51,Super 1,SYSTEM,onlymeinhere vừa đánh quái may mắn nhận được 1 trang bị Set kích hoạt,onlymeinhere,,,,Set kích hoạt,0,2026-07-03 00:38:31
8838577,2026-06-28 23:53:02,Super 1,SYSTEM,herokok vừa đánh quái may mắn nhận được 1 trang bị Set kích hoạt Set Thần Vũ Trụ Kaio,herokok,,,,Set kích hoạt Set Thần Vũ Trụ Kaio,0,2026-07-03 00:38:31
8837774,2026-06-28 23:35:02,Super 1,SYSTEM,herokakarot vừa đánh quái may mắn nhận được 1 trang bị Set kích hoạt,herokakarot,,,,Set kích hoạt,0,2026-07-03 00:38:32
8836265,2026-06-28 23:04:13,Super 1,SYSTEM,toilatewo vừa đánh quái may mắn nhận được 1 trang bị Set kích hoạt,toilatewo,,,,Set kích hoạt,0,2026-07-03 00:38:32
8834519,2026-06-28 22:32:38,Super 1,SYSTEM,echvabaoo vừa đánh quái may mắn nhận được 1 trang bị Set kích hoạt,echvabaoo,,,,Set kích hoạt,0,2026-07-03 00:38:32
8832766,2026-06-28 22:01:01,Super 1,SYSTEM,lkoklsvsp1l vừa đánh quái may mắn nhận được 1 trang bị Set kích hoạt,lkoklsvsp1l,,,,Set kích hoạt,0,2026-07-03 00:38:32
8832621,2026-06-28 21:59:01,Super 1,SYSTEM,sasuzanus vừa đánh quái may mắn nhận được 1 trang bị Set kích hoạt Set Thần Vũ Trụ Kaio,sasuzanus,,,,Set kích hoạt Set Thần Vũ Trụ Kaio,0,2026-07-03 00:38:32
8829161,2026-06-28 20:51:13,Super 1,SYSTEM,[HT] popchimem vừa đánh quái may mắn nhận được 1 trang bị Set kích hoạt Gohan,,,,,Set kích hoạt Gohan,0,2026-07-03 00:38:32
8828321,2026-06-28 20:21:48,Super 1,SYSTEM,herokakarot vừa đánh quái may mắn nhận được 1 trang bị Set kích hoạt,herokakarot,,,,Set kích hoạt,0,2026-07-03 00:38:32
8826217,2026-06-28 19:12:35,Super 1,SYSTEM,zokinsp1 vừa đánh quái may mắn nhận được 1 trang bị Set kích hoạt,zokinsp1,,,,Set kích hoạt,0,2026-07-03 00:38:32
8825841,2026-06-28 18:59:12,Super 1,SYSTEM,iammichelin vừa đánh quái may mắn nhận được 1 trang bị Set kích hoạt Set Thần Vũ Trụ Kaio,iammichelin,,,,Set kích hoạt Set Thần Vũ Trụ Kaio,0,2026-07-03 00:38:32
8825776,2026-06-28 18:56:48,Super 1,SYSTEM,hoangpzvm vừa đánh quái may mắn nhận được 1 trang bị Set kích hoạt,hoangpzvm,,,,Set kích hoạt,0,2026-07-03 00:38:32
8824320,2026-06-28 18:09:24,Super 1,SYSTEM,vuahp15 vừa đánh quái may mắn nhận được 1 trang bị Set kích hoạt,vuahp15,,,,Set kích hoạt,0,2026-07-03 00:38:32
8823816,2026-06-28 17:49:48,Super 1,SYSTEM,anluonsever vừa đánh quái may mắn nhận được 1 trang bị Set kích hoạt,anluonsever,,,,Set kích hoạt,0,2026-07-03 00:38:32
8823513,2026-06-28 17:39:23,Super 1,SYSTEM,emquenanhroi vừa đánh quái may mắn nhận được 1 trang bị Set kích hoạt,emquenanhroi,,,,Set kích hoạt,0,2026-07-03 00:38:32
8822672,2026-06-28 17:05:35,Super 1,SYSTEM,troimua vừa đánh quái may mắn nhận được 1 trang bị Set kích hoạt Set Nail chiến binh Namếc,troimua,,,,Set kích hoạt Set Nail chiến binh Namếc,0,2026-07-03 00:38:32
8819448,2026-06-28 15:04:46,Super 1,SYSTEM,troinang vừa đánh quái may mắn nhận được 1 trang bị Set kích hoạt,troinang,,,,Set kích hoạt,0,2026-07-03 00:38:32
8818836,2026-06-28 14:42:46,Super 1,SYSTEM,quyzanh234x vừa đánh quái may mắn nhận được 1 trang bị Set kích hoạt Set Cađic M,quyzanh234x,,,,Set kích hoạt Set Cađic M,0,2026-07-03 00:38:32
8817939,2026-06-28 14:08:57,Super 1,SYSTEM,emquenanhroi vừa đánh quái may mắn nhận được 1 trang bị Set kích hoạt,emquenanhroi,,,,Set kích hoạt,0,2026-07-03 00:38:32
8817622,2026-06-28 13:58:58,Super 1,SYSTEM,warborn1 vừa đánh quái may mắn nhận được 1 trang bị Set kích hoạt Set Nail chiến binh Namếc,warborn1,,,,Set kích hoạt Set Nail chiến binh Namếc,0,2026-07-03 00:38:32
8816192,2026-06-28 13:05:33,Super 1,SYSTEM,ngocdao vừa đánh quái may mắn nhận được 1 trang bị Set kích hoạt,ngocdao,,,,Set kích hoạt,0,2026-07-03 00:38:32
8816182,2026-06-28 13:05:09,Super 1,SYSTEM,[HT] onghoang1s vừa đánh quái may mắn nhận được 1 trang bị Set kích hoạt Gohan,,,,,Set kích hoạt Gohan,0,2026-07-03 00:38:32
8815245,2026-06-28 12:38:44,Super 1,SYSTEM,kokupvang vừa đánh quái may mắn nhận được 1 trang bị Set kích hoạt,kokupvang,,,,Set kích hoạt,0,2026-07-03 00:38:32
8813660,2026-06-28 11:52:56,Super 1,SYSTEM,plastic007 vừa đánh quái may mắn nhận được 1 trang bị Set kích hoạt,plastic007,,,,Set kích hoạt,0,2026-07-03 00:38:32
8813345,2026-06-28 11:42:57,Super 1,SYSTEM,anluonsever vừa đánh quái may mắn nhận được 1 trang bị Set kích hoạt,anluonsever,,,,Set kích hoạt,0,2026-07-03 00:38:32
8812772,2026-06-28 11:23:43,Super 1,SYSTEM,iammichelin vừa đánh quái may mắn nhận được 1 trang bị Set kích hoạt,iammichelin,,,,Set kích hoạt,0,2026-07-03 00:38:32
8809038,2026-06-28 09:23:18,Super 1,SYSTEM,11ztewoz vừa đánh quái may mắn nhận được 1 trang bị Set kích hoạt,11ztewoz,,,,Set kích hoạt,0,2026-07-03 00:38:32
8808508,2026-06-28 09:07:18,Super 1,SYSTEM,zokinsp1 vừa đánh quái may mắn nhận được 1 trang bị Set kích hoạt,zokinsp1,,,,Set kích hoạt,0,2026-07-03 00:38:32
8807441,2026-06-28 08:35:55,Super 1,SYSTEM,sasuzanus vừa đánh quái may mắn nhận được 1 trang bị Set kích hoạt,sasuzanus,,,,Set kích hoạt,0,2026-07-03 00:38:32
8806567,2026-06-28 08:07:07,Super 1,SYSTEM,11ztewoz vừa đánh quái may mắn nhận được 1 trang bị Set kích hoạt,11ztewoz,,,,Set kích hoạt,0,2026-07-03 00:38:32
8805850,2026-06-28 07:44:06,Super 1,SYSTEM,herokok vừa đánh quái may mắn nhận được 1 trang bị Set kích hoạt,herokok,,,,Set kích hoạt,0,2026-07-03 00:38:32
8805783,2026-06-28 07:41:06,Super 1,SYSTEM,toilatewo vừa đánh quái may mắn nhận được 1 trang bị Set kích hoạt,toilatewo,,,,Set kích hoạt,0,2026-07-03 00:38:32
8804573,2026-06-28 07:00:42,Super 1,SYSTEM,0ngdayc0n vừa đánh quái may mắn nhận được 1 trang bị Set kích hoạt,0ngdayc0n,,,,Set kích hoạt,0,2026-07-03 00:38:32
8803149,2026-06-28 06:12:18,Super 1,SYSTEM,onlymeinhere vừa đánh quái may mắn nhận được 1 trang bị Set kích hoạt Set Cađic M,onlymeinhere,,,,Set kích hoạt Set Cađic M,0,2026-07-03 00:38:32
8802120,2026-06-28 05:31:42,Super 1,SYSTEM,vuahp15 vừa đánh quái may mắn nhận được 1 trang bị Set kích hoạt,vuahp15,,,,Set kích hoạt,0,2026-07-03 00:38:32
8802031,2026-06-28 05:27:30,Super 1,SYSTEM,ngocdao vừa đánh quái may mắn nhận được 1 trang bị Set kích hoạt,ngocdao,,,,Set kích hoạt,0,2026-07-03 00:38:32
8801938,2026-06-28 05:21:53,Super 1,SYSTEM,quyzanh234x vừa đánh quái may mắn nhận được 1 trang bị Set kích hoạt,quyzanh234x,,,,Set kích hoạt,0,2026-07-03 00:38:32
8801676,2026-06-28 05:12:16,Super 1,SYSTEM,iilovethaoo vừa đánh quái may mắn nhận được 1 trang bị Set kích hoạt,iilovethaoo,,,,Set kích hoạt,0,2026-07-03 00:38:32
8801397,2026-06-28 04:59:17,Super 1,SYSTEM,redfinger vừa đánh quái may mắn nhận được 1 trang bị Set kích hoạt,redfinger,,,,Set kích hoạt,0,2026-07-03 00:38:32
8800927,2026-06-28 04:35:41,Super 1,SYSTEM,emquenanhroi vừa đánh quái may mắn nhận được 1 trang bị Set kích hoạt Set Cađic M,emquenanhroi,,,,Set kích hoạt Set Cađic M,0,2026-07-03 00:38:32
8800097,2026-06-28 03:27:56,Super 1,SYSTEM,hoangpzvm vừa đánh quái may mắn nhận được 1 trang bị Set kích hoạt,hoangpzvm,,,,Set kích hoạt,0,2026-07-03 00:38:32
8799602,2026-06-28 03:06:19,Super 1,SYSTEM,vuahp15 vừa đánh quái may mắn nhận được 1 trang bị Set kích hoạt,vuahp15,,,,Set kích hoạt,0,2026-07-03 00:38:32
8799463,2026-06-28 03:00:08,Super 1,SYSTEM,gokushopeee vừa đánh quái may mắn nhận được 1 trang bị Set kích hoạt,gokushopeee,,,,Set kích hoạt,0,2026-07-03 00:38:32
8798840,2026-06-28 02:34:19,Super 1,SYSTEM,satorugoku vừa đánh quái may mắn nhận được 1 trang bị Set kích hoạt Set Cađic M,satorugoku,,,,Set kích hoạt Set Cađic M,0,2026-07-03 00:38:32
8796379,2026-06-28 01:09:31,Super 1,SYSTEM,0ngdayc0n vừa đánh quái may mắn nhận được 1 trang bị Set kích hoạt,0ngdayc0n,,,,Set kích hoạt,0,2026-07-03 00:38:32
8795096,2026-06-28 00:25:29,Super 1,SYSTEM,herosgk vừa đánh quái may mắn nhận được 1 trang bị Set kích hoạt,herosgk,,,,Set kích hoạt,0,2026-07-03 00:38:32
8794752,2026-06-28 00:13:42,Super 1,SYSTEM,emquenanhroi vừa đánh quái may mắn nhận được 1 trang bị Set kích hoạt,emquenanhroi,,,,Set kích hoạt,0,2026-07-03 00:38:32
8792847,2026-06-27 23:06:06,Super 1,SYSTEM,anluonsever vừa đánh quái may mắn nhận được 1 trang bị Set kích hoạt Set Cađic M,anluonsever,,,,Set kích hoạt Set Cađic M,0,2026-07-03 00:38:32
8791678,2026-06-27 22:30:16,Super 1,SYSTEM,zokinsp1 vừa đánh quái may mắn nhận được 1 trang bị Set kích hoạt,zokinsp1,,,,Set kích hoạt,0,2026-07-03 00:38:32
8791163,2026-06-27 22:11:05,Super 1,SYSTEM,toilatewo vừa đánh quái may mắn nhận được 1 trang bị Set kích hoạt,toilatewo,,,,Set kích hoạt,0,2026-07-03 00:38:32
8790876,2026-06-27 22:00:29,Super 1,SYSTEM,dukich1 vừa đánh quái may mắn nhận được 1 trang bị Set kích hoạt,dukich1,,,,Set kích hoạt,0,2026-07-03 00:38:32
8789650,2026-06-27 21:22:40,Super 1,SYSTEM,hoangpzvm vừa đánh quái may mắn nhận được 1 trang bị Set kích hoạt Set Cađic M,hoangpzvm,,,,Set kích hoạt Set Cađic M,0,2026-07-03 00:38:32
8788797,2026-06-27 20:54:39,Super 1,SYSTEM,cbronappano1 vừa đánh quái may mắn nhận được 1 trang bị Set kích hoạt Set Cađic M,cbronappano1,,,,Set kích hoạt Set Cađic M,0,2026-07-03 00:38:33
8787456,2026-06-27 20:08:18,Super 1,SYSTEM,[HT] jenbbboy vừa đánh quái may mắn nhận được 1 trang bị Set kích hoạt Gohan,,,,,Set kích hoạt Gohan,0,2026-07-03 00:38:33
8785935,2026-06-27 19:15:07,Super 1,SYSTEM,echvabaoo vừa đánh quái may mắn nhận được 1 trang bị Set kích hoạt,echvabaoo,,,,Set kích hoạt,0,2026-07-03 00:38:33
8784922,2026-06-27 18:38:07,Super 1,SYSTEM,emquenanhroi vừa đánh quái may mắn nhận được 1 trang bị Set kích hoạt Set Cađic M,emquenanhroi,,,,Set kích hoạt Set Cađic M,0,2026-07-03 00:38:33
8783477,2026-06-27 17:45:07,Super 1,SYSTEM,hoangpzvm vừa đánh quái may mắn nhận được 1 trang bị Set kích hoạt,hoangpzvm,,,,Set kích hoạt,0,2026-07-03 00:38:33
8782659,2026-06-27 17:15:57,Super 1,SYSTEM,herosgk vừa đánh quái may mắn nhận được 1 trang bị Set kích hoạt,herosgk,,,,Set kích hoạt,0,2026-07-03 00:38:33
8782209,2026-06-27 17:01:56,Super 1,SYSTEM,troinang vừa đánh quái may mắn nhận được 1 trang bị Set kích hoạt,troinang,,,,Set kích hoạt,0,2026-07-03 00:38:33
8781469,2026-06-27 16:37:32,Super 1,SYSTEM,[HT] dragonz1 vừa đánh quái may mắn nhận được 1 trang bị Set kích hoạt Gohan,,,,,Set kích hoạt Gohan,0,2026-07-03 00:38:33
8780548,2026-06-27 16:05:34,Super 1,SYSTEM,quyzanh234x vừa đánh quái may mắn nhận được 1 trang bị Set kích hoạt,quyzanh234x,,,,Set kích hoạt,0,2026-07-03 00:38:33
8778316,2026-06-27 14:40:59,Super 1,SYSTEM,ngocdao vừa đánh quái may mắn nhận được 1 trang bị Set kích hoạt,ngocdao,,,,Set kích hoạt,0,2026-07-03 00:38:33
8777966,2026-06-27 14:26:22,Super 1,SYSTEM,[HT] siufapsu vừa đánh quái may mắn nhận được 1 trang bị Set kích hoạt Gohan,,,,,Set kích hoạt Gohan,0,2026-07-03 00:38:33
8777612,2026-06-27 14:14:35,Super 1,SYSTEM,vuahp15 vừa đánh quái may mắn nhận được 1 trang bị Set kích hoạt,vuahp15,,,,Set kích hoạt,0,2026-07-03 00:38:33
8776425,2026-06-27 13:30:00,Super 1,SYSTEM,onlymeinhere vừa đánh quái may mắn nhận được 1 trang bị Set kích hoạt,onlymeinhere,,,,Set kích hoạt,0,2026-07-03 00:38:33
8774449,2026-06-27 12:30:12,Super 1,SYSTEM,zokinsp1 vừa đánh quái may mắn nhận được 1 trang bị Set kích hoạt Set Thần Vũ Trụ Kaio,zokinsp1,,,,Set kích hoạt Set Thần Vũ Trụ Kaio,0,2026-07-03 00:38:33
8773110,2026-06-27 11:53:25,Super 1,SYSTEM,0ngdayc0n vừa đánh quái may mắn nhận được 1 trang bị Set kích hoạt,0ngdayc0n,,,,Set kích hoạt,0,2026-07-03 00:38:33
8772470,2026-06-27 11:33:50,Super 1,SYSTEM,quytd vừa đánh quái may mắn nhận được 1 trang bị Set kích hoạt,quytd,,,,Set kích hoạt,0,2026-07-03 00:38:33
8770079,2026-06-27 10:16:37,Super 1,SYSTEM,hoangpzvm vừa đánh quái may mắn nhận được 1 trang bị Set kích hoạt Set Cađic M,hoangpzvm,,,,Set kích hoạt Set Cađic M,0,2026-07-03 00:38:33
8770036,2026-06-27 10:15:13,Super 1,SYSTEM,zayne vừa đánh quái may mắn nhận được 1 trang bị Set kích hoạt,zayne,,,,Set kích hoạt,0,2026-07-03 00:38:33
8768856,2026-06-27 09:35:37,Super 1,SYSTEM,carotblack vừa đánh quái may mắn nhận được 1 trang bị Set kích hoạt,carotblack,,,,Set kích hoạt,0,2026-07-03 00:38:33
8766666,2026-06-27 08:21:24,Super 1,SYSTEM,emquenanhroi vừa đánh quái may mắn nhận được 1 trang bị Set kích hoạt Set Cađic M,emquenanhroi,,,,Set kích hoạt Set Cađic M,0,2026-07-03 00:38:33
8765271,2026-06-27 07:37:12,Super 1,SYSTEM,jack97sp vừa đánh quái may mắn nhận được 1 trang bị Set kích hoạt,jack97sp,,,,Set kích hoạt,0,2026-07-03 00:38:33
8762530,2026-06-27 06:16:24,Super 1,SYSTEM,[HT] hehewsup vừa đánh quái may mắn nhận được 1 trang bị Set kích hoạt Gohan,,,,,Set kích hoạt Gohan,0,2026-07-03 00:38:33
8761073,2026-06-27 05:24:35,Super 1,SYSTEM,hoangpzvm vừa đánh quái may mắn nhận được 1 trang bị Set kích hoạt Set Cađic M,hoangpzvm,,,,Set kích hoạt Set Cađic M,0,2026-07-03 00:38:33
8758372,2026-06-27 03:01:41,Super 1,SYSTEM,zokinsp1 vừa đánh quái may mắn nhận được 1 trang bị Set kích hoạt Set Thần Vũ Trụ Kaio,zokinsp1,,,,Set kích hoạt Set Thần Vũ Trụ Kaio,0,2026-07-03 00:38:33
8753818,2026-06-27 00:32:49,Super 1,SYSTEM,s1brolysuper vừa đánh quái may mắn nhận được 1 trang bị Set kích hoạt,s1brolysuper,,,,Set kích hoạt,0,2026-07-03 00:38:33
8749297,2026-06-26 22:11:34,Super 1,SYSTEM,onlymeinhere vừa đánh quái may mắn nhận được 1 trang bị Set kích hoạt,onlymeinhere,,,,Set kích hoạt,0,2026-07-03 00:38:33
8747914,2026-06-26 21:25:55,Super 1,SYSTEM,vuatuatb2 vừa đánh quái may mắn nhận được 1 trang bị Set kích hoạt,vuatuatb2,,,,Set kích hoạt,0,2026-07-03 00:38:33
8747371,2026-06-26 21:07:32,Super 1,SYSTEM,plastic007 vừa đánh quái may mắn nhận được 1 trang bị Set kích hoạt,plastic007,,,,Set kích hoạt,0,2026-07-03 00:38:33
8746588,2026-06-26 20:40:55,Super 1,SYSTEM,quyzanh234x vừa đánh quái may mắn nhận được 1 trang bị Set kích hoạt,quyzanh234x,,,,Set kích hoạt,0,2026-07-03 00:38:33
8746503,2026-06-26 20:37:19,Super 1,SYSTEM,sasuzanus vừa đánh quái may mắn nhận được 1 trang bị Set kích hoạt Set Thần Vũ Trụ Kaio,sasuzanus,,,,Set kích hoạt Set Thần Vũ Trụ Kaio,0,2026-07-03 00:38:33
8745257,2026-06-26 19:56:43,Super 1,SYSTEM,chubodoi1 vừa đánh quái may mắn nhận được 1 trang bị Set kích hoạt,chubodoi1,,,,Set kích hoạt,0,2026-07-03 00:38:33
8744397,2026-06-26 19:28:42,Super 1,SYSTEM,plastic007 vừa đánh quái may mắn nhận được 1 trang bị Set kích hoạt,plastic007,,,,Set kích hoạt,0,2026-07-03 00:38:33
8744124,2026-06-26 19:19:19,Super 1,SYSTEM,[HT] blackcolo vừa đánh quái may mắn nhận được 1 trang bị Set kích hoạt Gohan,,,,,Set kích hoạt Gohan,0,2026-07-03 00:38:33
8743214,2026-06-26 18:48:42,Super 1,SYSTEM,hungdzsuper vừa đánh quái may mắn nhận được 1 trang bị Set kích hoạt,hungdzsuper,,,,Set kích hoạt,0,2026-07-03 00:38:33
8742905,2026-06-26 18:39:17,Super 1,SYSTEM,zoness vừa đánh quái may mắn nhận được 1 trang bị Set kích hoạt,zoness,,,,Set kích hoạt,0,2026-07-03 00:38:33
8740826,2026-06-26 17:24:04,Super 1,SYSTEM,onlymeinhere vừa đánh quái may mắn nhận được 1 trang bị Set kích hoạt,onlymeinhere,,,,Set kích hoạt,0,2026-07-03 00:38:33
8740750,2026-06-26 17:21:42,Super 1,SYSTEM,iilovethaoo vừa đánh quái may mắn nhận được 1 trang bị Set kích hoạt,iilovethaoo,,,,Set kích hoạt,0,2026-07-03 00:38:33
8740738,2026-06-26 17:21:18,Super 1,SYSTEM,hoangpzvm vừa đánh quái may mắn nhận được 1 trang bị Set kích hoạt,hoangpzvm,,,,Set kích hoạt,0,2026-07-03 00:38:33
8737126,2026-06-26 15:00:27,Super 1,SYSTEM,11ztewoz vừa đánh quái may mắn nhận được 1 trang bị Set kích hoạt,11ztewoz,,,,Set kích hoạt,0,2026-07-03 00:38:33
8736761,2026-06-26 14:47:51,Super 1,SYSTEM,zokinsp1 vừa đánh quái may mắn nhận được 1 trang bị Set kích hoạt Set Thần Vũ Trụ Kaio,zokinsp1,,,,Set kích hoạt Set Thần Vũ Trụ Kaio,0,2026-07-03 00:38:33
8734881,2026-06-26 13:41:39,Super 1,SYSTEM,[HT] 0ff0vui vừa đánh quái may mắn nhận được 1 trang bị Set kích hoạt Gohan,,,,,Set kích hoạt Gohan,0,2026-07-03 00:38:33
8734620,2026-06-26 13:33:14,Super 1,SYSTEM,carotblack vừa đánh quái may mắn nhận được 1 trang bị Set kích hoạt,carotblack,,,,Set kích hoạt,0,2026-07-03 00:38:33
8731102,2026-06-26 11:31:37,Super 1,SYSTEM,[HT] iidesu vừa đánh quái may mắn nhận được 1 trang bị Set kích hoạt Gohan,,,,,Set kích hoạt Gohan,0,2026-07-03 00:38:33
8728583,2026-06-26 10:02:01,Super 1,SYSTEM,zayne vừa đánh quái may mắn nhận được 1 trang bị Set kích hoạt,zayne,,,,Set kích hoạt,0,2026-07-03 00:38:33
8727437,2026-06-26 09:25:14,Super 1,SYSTEM,cbronappano1 vừa đánh quái may mắn nhận được 1 trang bị Set kích hoạt,cbronappano1,,,,Set kích hoạt,0,2026-07-03 00:38:33
8724927,2026-06-26 07:59:50,Super 1,SYSTEM,vuahp15 vừa đánh quái may mắn nhận được 1 trang bị Set kích hoạt,vuahp15,,,,Set kích hoạt,0,2026-07-03 00:38:33
8723701,2026-06-26 07:21:24,Super 1,SYSTEM,troinang vừa đánh quái may mắn nhận được 1 trang bị Set kích hoạt Set Cađic M,troinang,,,,Set kích hoạt Set Cađic M,0,2026-07-03 00:38:33
8723226,2026-06-26 07:03:48,Super 1,SYSTEM,satorugoku vừa đánh quái may mắn nhận được 1 trang bị Set kích hoạt,satorugoku,,,,Set kích hoạt,0,2026-07-03 00:38:33
8723218,2026-06-26 07:03:36,Super 1,SYSTEM,dukich1 vừa đánh quái may mắn nhận được 1 trang bị Set kích hoạt,dukich1,,,,Set kích hoạt,0,2026-07-03 00:38:33
8722796,2026-06-26 06:50:37,Super 1,SYSTEM,echvabaoo vừa đánh quái may mắn nhận được 1 trang bị Set kích hoạt,echvabaoo,,,,Set kích hoạt,0,2026-07-03 00:38:33
8722727,2026-06-26 06:48:01,Super 1,SYSTEM,hoangpzvm vừa đánh quái may mắn nhận được 1 trang bị Set kích hoạt,hoangpzvm,,,,Set kích hoạt,0,2026-07-03 00:38:34
8722572,2026-06-26 06:42:36,Super 1,SYSTEM,iilovethaoo vừa đánh quái may mắn nhận được 1 trang bị Set kích hoạt Set Cađic M,iilovethaoo,,,,Set kích hoạt Set Cađic M,0,2026-07-03 00:38:34
8721983,2026-06-26 06:24:25,Super 1,SYSTEM,hungdzsuper vừa đánh quái may mắn nhận được 1 trang bị Set kích hoạt,hungdzsuper,,,,Set kích hoạt,0,2026-07-03 00:38:34
8721301,2026-06-26 06:00:48,Super 1,SYSTEM,thaytuxn vừa đánh quái may mắn nhận được 1 trang bị Set kích hoạt Set Thần Vũ Trụ Kaio,thaytuxn,,,,Set kích hoạt Set Thần Vũ Trụ Kaio,0,2026-07-03 00:38:34
8718132,2026-06-26 03:12:27,Super 1,SYSTEM,cbronappano1 vừa đánh quái may mắn nhận được 1 trang bị Set kích hoạt,cbronappano1,,,,Set kích hoạt,0,2026-07-03 00:38:34
8717248,2026-06-26 02:36:16,Super 1,SYSTEM,satorugoku vừa đánh quái may mắn nhận được 1 trang bị Set kích hoạt,satorugoku,,,,Set kích hoạt,0,2026-07-03 00:38:34
8717194,2026-06-26 02:34:28,Super 1,SYSTEM,herosgk vừa đánh quái may mắn nhận được 1 trang bị Set kích hoạt,herosgk,,,,Set kích hoạt,0,2026-07-03 00:38:34
8716457,2026-06-26 02:07:51,Super 1,SYSTEM,11ztewoz vừa đánh quái may mắn nhận được 1 trang bị Set kích hoạt,11ztewoz,,,,Set kích hoạt,0,2026-07-03 00:38:34
8714097,2026-06-26 00:48:26,Super 1,SYSTEM,iilovethaoo vừa đánh quái may mắn nhận được 1 trang bị Set kích hoạt Set Cađic M,iilovethaoo,,,,Set kích hoạt Set Cađic M,0,2026-07-03 00:38:34
8712557,2026-06-25 23:58:51,Super 1,SYSTEM,11ztewoz vừa đánh quái may mắn nhận được 1 trang bị Set kích hoạt Set Thần Vũ Trụ Kaio,11ztewoz,,,,Set kích hoạt Set Thần Vũ Trụ Kaio,0,2026-07-03 00:38:34
8712018,2026-06-25 23:40:49,Super 1,SYSTEM,ngocdao vừa đánh quái may mắn nhận được 1 trang bị Set kích hoạt,ngocdao,,,,Set kích hoạt,0,2026-07-03 00:38:34
8711864,2026-06-25 23:34:51,Super 1,SYSTEM,vuatuatb2 vừa đánh quái may mắn nhận được 1 trang bị Set kích hoạt Set Cađic M,vuatuatb2,,,,Set kích hoạt Set Cađic M,0,2026-07-03 00:38:34
8711789,2026-06-25 23:33:02,Super 1,SYSTEM,s1brolysuper vừa đánh quái may mắn nhận được 1 trang bị Set kích hoạt,s1brolysuper,,,,Set kích hoạt,0,2026-07-03 00:38:34
8709666,2026-06-25 22:23:50,Super 1,SYSTEM,dukich1 vừa đánh quái may mắn nhận được 1 trang bị Set kích hoạt,dukich1,,,,Set kích hoạt,0,2026-07-03 00:38:34
8709315,2026-06-25 22:14:13,Super 1,SYSTEM,ngocdao vừa đánh quái may mắn nhận được 1 trang bị Set kích hoạt,ngocdao,,,,Set kích hoạt,0,2026-07-03 00:38:34
8708180,2026-06-25 21:41:24,Super 1,SYSTEM,[HT] superepk1 vừa đánh quái may mắn nhận được 1 trang bị Set kích hoạt Gohan,,,,,Set kích hoạt Gohan,0,2026-07-03 00:38:34
8704645,2026-06-25 19:47:11,Super 1,SYSTEM,dukich1 vừa đánh quái may mắn nhận được 1 trang bị Set kích hoạt,dukich1,,,,Set kích hoạt,0,2026-07-03 00:38:34
8703240,2026-06-25 18:56:51,Super 1,SYSTEM,quyzanh234x vừa đánh quái may mắn nhận được 1 trang bị Set kích hoạt,quyzanh234x,,,,Set kích hoạt,0,2026-07-03 00:38:34
8702969,2026-06-25 18:47:26,Super 1,SYSTEM,[HT] namhaybuon vừa đánh quái may mắn nhận được 1 trang bị Set kích hoạt Gohan,,,,,Set kích hoạt Gohan,0,2026-07-03 00:38:34
8702895,2026-06-25 18:44:26,Super 1,SYSTEM,vuahp15 vừa đánh quái may mắn nhận được 1 trang bị Set kích hoạt,vuahp15,,,,Set kích hoạt,0,2026-07-03 00:38:34
8700792,2026-06-25 17:23:39,Super 1,SYSTEM,carotblack vừa đánh quái may mắn nhận được 1 trang bị Set kích hoạt,carotblack,,,,Set kích hoạt,0,2026-07-03 00:38:34
8699884,2026-06-25 16:48:51,Super 1,SYSTEM,jack97sp vừa đánh quái may mắn nhận được 1 trang bị Set kích hoạt Set Nail chiến binh Namếc,jack97sp,,,,Set kích hoạt Set Nail chiến binh Namếc,0,2026-07-03 00:38:34
8696991,2026-06-25 15:04:53,Super 1,SYSTEM,thaytuxn vừa đánh quái may mắn nhận được 1 trang bị Set kích hoạt,thaytuxn,,,,Set kích hoạt,0,2026-07-03 00:38:34
8696825,2026-06-25 14:59:40,Super 1,SYSTEM,zoeiii vừa đánh quái may mắn nhận được 1 trang bị Set kích hoạt,zoeiii,,,,Set kích hoạt,0,2026-07-03 00:38:34
8694964,2026-06-25 13:51:41,Super 1,SYSTEM,11ztewoz vừa đánh quái may mắn nhận được 1 trang bị Set kích hoạt Set Thần Vũ Trụ Kaio,11ztewoz,,,,Set kích hoạt Set Thần Vũ Trụ Kaio,0,2026-07-03 00:38:34
8694900,2026-06-25 13:49:17,Super 1,SYSTEM,iilovethaoo vừa đánh quái may mắn nhận được 1 trang bị Set kích hoạt,iilovethaoo,,,,Set kích hoạt,0,2026-07-03 00:38:34
8694531,2026-06-25 13:36:54,Super 1,SYSTEM,herosgk vừa đánh quái may mắn nhận được 1 trang bị Set kích hoạt,herosgk,,,,Set kích hoạt,0,2026-07-03 00:38:34
8694257,2026-06-25 13:26:05,Super 1,SYSTEM,herokok vừa đánh quái may mắn nhận được 1 trang bị Set kích hoạt,herokok,,,,Set kích hoạt,0,2026-07-03 00:38:34
8692594,2026-06-25 12:34:29,Super 1,SYSTEM,hoangpzvm vừa đánh quái may mắn nhận được 1 trang bị Set kích hoạt Set Cađic M,hoangpzvm,,,,Set kích hoạt Set Cađic M,0,2026-07-03 00:38:34
8692537,2026-06-25 12:32:53,Super 1,SYSTEM,onlymeinhere vừa đánh quái may mắn nhận được 1 trang bị Set kích hoạt,onlymeinhere,,,,Set kích hoạt,0,2026-07-03 00:38:34
8689383,2026-06-25 10:55:07,Super 1,SYSTEM,[HT] supperz vừa đánh quái may mắn nhận được 1 trang bị Set kích hoạt Gohan,,,,,Set kích hoạt Gohan,0,2026-07-03 00:38:34
8689048,2026-06-25 10:46:42,Super 1,SYSTEM,chubodoi1 vừa đánh quái may mắn nhận được 1 trang bị Set kích hoạt Set Cađic M,chubodoi1,,,,Set kích hoạt Set Cađic M,0,2026-07-03 00:38:34
8688924,2026-06-25 10:43:18,Super 1,SYSTEM,hoangpzvm vừa đánh quái may mắn nhận được 1 trang bị Set kích hoạt Set Cađic M,hoangpzvm,,,,Set kích hoạt Set Cađic M,0,2026-07-03 00:38:34
8687522,2026-06-25 09:59:42,Super 1,SYSTEM,vuahp15 vừa đánh quái may mắn nhận được 1 trang bị Set kích hoạt,vuahp15,,,,Set kích hoạt,0,2026-07-03 00:38:34
8687079,2026-06-25 09:45:42,Super 1,SYSTEM,zokinsp1 vừa đánh quái may mắn nhận được 1 trang bị Set kích hoạt,zokinsp1,,,,Set kích hoạt,0,2026-07-03 00:38:34
8685267,2026-06-25 08:47:53,Super 1,SYSTEM,hungdzsuper vừa đánh quái may mắn nhận được 1 trang bị Set kích hoạt,hungdzsuper,,,,Set kích hoạt,0,2026-07-03 00:38:34
8684497,2026-06-25 08:21:42,Super 1,SYSTEM,zoeiii vừa đánh quái may mắn nhận được 1 trang bị Set kích hoạt,zoeiii,,,,Set kích hoạt,0,2026-07-03 00:38:34
8684352,2026-06-25 08:16:18,Super 1,SYSTEM,hoangpzvm vừa đánh quái may mắn nhận được 1 trang bị Set kích hoạt,hoangpzvm,,,,Set kích hoạt,0,2026-07-03 00:38:34
8683606,2026-06-25 07:51:18,Super 1,SYSTEM,sasuzanus vừa đánh quái may mắn nhận được 1 trang bị Set kích hoạt Set Thần Vũ Trụ Kaio,sasuzanus,,,,Set kích hoạt Set Thần Vũ Trụ Kaio,0,2026-07-03 00:38:34
8683356,2026-06-25 07:43:29,Super 1,SYSTEM,11ztewoz vừa đánh quái may mắn nhận được 1 trang bị Set kích hoạt,11ztewoz,,,,Set kích hoạt,0,2026-07-03 00:38:34
8683178,2026-06-25 07:36:40,Super 1,SYSTEM,plastic007 vừa đánh quái may mắn nhận được 1 trang bị Set kích hoạt,plastic007,,,,Set kích hoạt,0,2026-07-03 00:38:35
8683055,2026-06-25 07:33:06,Super 1,SYSTEM,[HT] supperz vừa đánh quái may mắn nhận được 1 trang bị Set kích hoạt Gohan,,,,,Set kích hoạt Gohan,0,2026-07-03 00:38:35
8682721,2026-06-25 07:22:17,Super 1,SYSTEM,s1brolysuper vừa đánh quái may mắn nhận được 1 trang bị Set kích hoạt,s1brolysuper,,,,Set kích hoạt,0,2026-07-03 00:38:35
8682639,2026-06-25 07:18:40,Super 1,SYSTEM,[HT] hungi vừa đánh quái may mắn nhận được 1 trang bị Set kích hoạt Gohan,,,,,Set kích hoạt Gohan,0,2026-07-03 00:38:35
8680706,2026-06-25 06:11:40,Super 1,SYSTEM,plastic007 vừa đánh quái may mắn nhận được 1 trang bị Set kích hoạt,plastic007,,,,Set kích hoạt,0,2026-07-03 00:38:35
8678266,2026-06-25 04:26:52,Super 1,SYSTEM,s1brolysuper vừa đánh quái may mắn nhận được 1 trang bị Set kích hoạt Set Cađic M,s1brolysuper,,,,Set kích hoạt Set Cađic M,0,2026-07-03 00:38:35
8674965,2026-06-25 01:34:54,Super 1,SYSTEM,sasuzanus vừa đánh quái may mắn nhận được 1 trang bị Set kích hoạt,sasuzanus,,,,Set kích hoạt,0,2026-07-03 00:38:35
8674599,2026-06-25 01:17:18,Super 1,SYSTEM,hoangpzvm vừa đánh quái may mắn nhận được 1 trang bị Set kích hoạt,hoangpzvm,,,,Set kích hoạt,0,2026-07-03 00:38:35
8674206,2026-06-25 01:02:53,Super 1,SYSTEM,cbronappano1 vừa đánh quái may mắn nhận được 1 trang bị Set kích hoạt,cbronappano1,,,,Set kích hoạt,0,2026-07-03 00:38:35
8671349,2026-06-24 23:21:53,Super 1,SYSTEM,hoangpzvm vừa đánh quái may mắn nhận được 1 trang bị Set kích hoạt,hoangpzvm,,,,Set kích hoạt,0,2026-07-03 00:38:35
8670838,2026-06-24 23:03:41,Super 1,SYSTEM,dukich1 vừa đánh quái may mắn nhận được 1 trang bị Set kích hoạt,dukich1,,,,Set kích hoạt,0,2026-07-03 00:38:35
8668603,2026-06-24 21:58:39,Super 1,SYSTEM,plastic007 vừa đánh quái may mắn nhận được 1 trang bị Set kích hoạt Set Thần Vũ Trụ Kaio,plastic007,,,,Set kích hoạt Set Thần Vũ Trụ Kaio,0,2026-07-03 00:38:35
8667911,2026-06-24 21:37:15,Super 1,SYSTEM,redfinger vừa đánh quái may mắn nhận được 1 trang bị Set kích hoạt,redfinger,,,,Set kích hoạt,0,2026-07-03 00:38:35
8667193,2026-06-24 21:15:39,Super 1,SYSTEM,toilatewo vừa đánh quái may mắn nhận được 1 trang bị Set kích hoạt Set Thần Vũ Trụ Kaio,toilatewo,,,,Set kích hoạt Set Thần Vũ Trụ Kaio,0,2026-07-03 00:38:35
8665838,2026-06-24 20:31:26,Super 1,SYSTEM,iilovethaoo vừa đánh quái may mắn nhận được 1 trang bị Set kích hoạt,iilovethaoo,,,,Set kích hoạt,0,2026-07-03 00:38:35
8665640,2026-06-24 20:25:38,Super 1,SYSTEM,emquenanhroi vừa đánh quái may mắn nhận được 1 trang bị Set kích hoạt,emquenanhroi,,,,Set kích hoạt,0,2026-07-03 00:38:35
8665015,2026-06-24 20:01:13,Super 1,SYSTEM,[HT] onghoang1s vừa đánh quái may mắn nhận được 1 trang bị Set kích hoạt Gohan,,,,,Set kích hoạt Gohan,0,2026-07-03 00:38:35
8664171,2026-06-24 19:38:13,Super 1,SYSTEM,11ztewoz vừa đánh quái may mắn nhận được 1 trang bị Set kích hoạt,11ztewoz,,,,Set kích hoạt,0,2026-07-03 00:38:35
8662064,2026-06-24 18:41:02,Super 1,SYSTEM,zoness vừa đánh quái may mắn nhận được 1 trang bị Set kích hoạt,zoness,,,,Set kích hoạt,0,2026-07-03 00:38:35
8660763,2026-06-24 18:03:02,Super 1,SYSTEM,vuahp15 vừa đánh quái may mắn nhận được 1 trang bị Set kích hoạt,vuahp15,,,,Set kích hoạt,0,2026-07-03 00:38:35
8659697,2026-06-24 17:22:15,Super 1,SYSTEM,vuahp15 vừa đánh quái may mắn nhận được 1 trang bị Set kích hoạt,vuahp15,,,,Set kích hoạt,0,2026-07-03 00:38:35
8659339,2026-06-24 17:10:38,Super 1,SYSTEM,s1brolysuper vừa đánh quái may mắn nhận được 1 trang bị Set kích hoạt,s1brolysuper,,,,Set kích hoạt,0,2026-07-03 00:38:35
8658506,2026-06-24 16:40:01,Super 1,SYSTEM,emquenanhroi vừa đánh quái may mắn nhận được 1 trang bị Set kích hoạt,emquenanhroi,,,,Set kích hoạt,0,2026-07-03 00:38:35
8655091,2026-06-24 14:41:34,Super 1,SYSTEM,[HT] topsuperrank vừa đánh quái may mắn nhận được 1 trang bị Set kích hoạt Gohan,,,,,Set kích hoạt Gohan,0,2026-07-03 00:38:35
8654447,2026-06-24 14:20:56,Super 1,SYSTEM,kakapote vừa đánh quái may mắn nhận được 1 trang bị Set kích hoạt,kakapote,,,,Set kích hoạt,0,2026-07-03 00:38:35
8654144,2026-06-24 14:10:45,Super 1,SYSTEM,vuahp15 vừa đánh quái may mắn nhận được 1 trang bị Set kích hoạt,vuahp15,,,,Set kích hoạt,0,2026-07-03 00:38:35
8653687,2026-06-24 13:54:07,Super 1,SYSTEM,toilatewo vừa đánh quái may mắn nhận được 1 trang bị Set kích hoạt,toilatewo,,,,Set kích hoạt,0,2026-07-03 00:38:35
8653563,2026-06-24 13:50:21,Super 1,SYSTEM,redfinger vừa đánh quái may mắn nhận được 1 trang bị Set kích hoạt Set Cađic M,redfinger,,,,Set kích hoạt Set Cađic M,0,2026-07-03 00:38:35
8649555,2026-06-24 11:46:05,Super 1,SYSTEM,iilovethaoo vừa đánh quái may mắn nhận được 1 trang bị Set kích hoạt,iilovethaoo,,,,Set kích hoạt,0,2026-07-03 00:38:35
8648768,2026-06-24 11:22:05,Super 1,SYSTEM,s1brolysuper vừa đánh quái may mắn nhận được 1 trang bị Set kích hoạt Set Cađic M,s1brolysuper,,,,Set kích hoạt Set Cađic M,0,2026-07-03 00:38:35
8648759,2026-06-24 11:21:53,Super 1,SYSTEM,kakapote vừa đánh quái may mắn nhận được 1 trang bị Set kích hoạt Set Cađic M,kakapote,,,,Set kích hoạt Set Cađic M,0,2026-07-03 00:38:35
8648145,2026-06-24 11:00:58,Super 1,SYSTEM,toilatewo vừa đánh quái may mắn nhận được 1 trang bị Set kích hoạt Set Thần Vũ Trụ Kaio,toilatewo,,,,Set kích hoạt Set Thần Vũ Trụ Kaio,0,2026-07-03 00:38:35
8647089,2026-06-24 10:28:23,Super 1,SYSTEM,hungdzsuper vừa đánh quái may mắn nhận được 1 trang bị Set kích hoạt Set Nail chiến binh Namếc,hungdzsuper,,,,Set kích hoạt Set Nail chiến binh Namếc,0,2026-07-03 00:38:35
8646913,2026-06-24 10:22:34,Super 1,SYSTEM,[HT] kaii0kenx10 vừa đánh quái may mắn nhận được 1 trang bị Set kích hoạt Gohan,,,,,Set kích hoạt Gohan,0,2026-07-03 00:38:35
8645426,2026-06-24 09:33:58,Super 1,SYSTEM,gokushopeee vừa đánh quái may mắn nhận được 1 trang bị Set kích hoạt,gokushopeee,,,,Set kích hoạt,0,2026-07-03 00:38:35
8644869,2026-06-24 09:14:46,Super 1,SYSTEM,onlymeinhere vừa đánh quái may mắn nhận được 1 trang bị Set kích hoạt,onlymeinhere,,,,Set kích hoạt,0,2026-07-03 00:38:35
8644733,2026-06-24 09:11:22,Super 1,SYSTEM,hungdzsuper vừa đánh quái may mắn nhận được 1 trang bị Set kích hoạt,hungdzsuper,,,,Set kích hoạt,0,2026-07-03 00:38:35
8644367,2026-06-24 08:58:59,Super 1,SYSTEM,s1brolysuper vừa đánh quái may mắn nhận được 1 trang bị Set kích hoạt,s1brolysuper,,,,Set kích hoạt,0,2026-07-03 00:38:35
8643793,2026-06-24 08:40:21,Super 1,SYSTEM,onlymeinhere vừa đánh quái may mắn nhận được 1 trang bị Set kích hoạt,onlymeinhere,,,,Set kích hoạt,0,2026-07-03 00:38:35
8643544,2026-06-24 08:30:34,Super 1,SYSTEM,[HT] tiramisuu vừa đánh quái may mắn nhận được 1 trang bị Set kích hoạt Gohan,,,,,Set kích hoạt Gohan,0,2026-07-03 00:38:35
8643231,2026-06-24 08:21:09,Super 1,SYSTEM,emquenanhroi vừa đánh quái may mắn nhận được 1 trang bị Set kích hoạt,emquenanhroi,,,,Set kích hoạt,0,2026-07-03 00:38:35
8640977,2026-06-24 07:14:21,Super 1,SYSTEM,emquenanhroi vừa đánh quái may mắn nhận được 1 trang bị Set kích hoạt,emquenanhroi,,,,Set kích hoạt,0,2026-07-03 00:38:35
8640728,2026-06-24 07:07:44,Super 1,SYSTEM,11ztewoz vừa đánh quái may mắn nhận được 1 trang bị Set kích hoạt Set Thần Vũ Trụ Kaio,11ztewoz,,,,Set kích hoạt Set Thần Vũ Trụ Kaio,0,2026-07-03 00:38:35
8640154,2026-06-24 06:51:08,Super 1,SYSTEM,dukich1 vừa đánh quái may mắn nhận được 1 trang bị Set kích hoạt,dukich1,,,,Set kích hoạt,0,2026-07-03 00:38:35
8639905,2026-06-24 06:42:55,Super 1,SYSTEM,emquenanhroi vừa đánh quái may mắn nhận được 1 trang bị Set kích hoạt Set Cađic M,emquenanhroi,,,,Set kích hoạt Set Cađic M,0,2026-07-03 00:38:35
8639768,2026-06-24 06:40:21,Super 1,SYSTEM,cbronappano1 vừa đánh quái may mắn nhận được 1 trang bị Set kích hoạt Set Cađic M,cbronappano1,,,,Set kích hoạt Set Cađic M,0,2026-07-03 00:38:35
8639344,2026-06-24 06:27:56,Super 1,SYSTEM,toilatewo vừa đánh quái may mắn nhận được 1 trang bị Set kích hoạt,toilatewo,,,,Set kích hoạt,0,2026-07-03 00:38:35
8639335,2026-06-24 06:27:44,Super 1,SYSTEM,chubodoi1 vừa đánh quái may mắn nhận được 1 trang bị Set kích hoạt,chubodoi1,,,,Set kích hoạt,0,2026-07-03 00:38:35
8638583,2026-06-24 06:07:44,Super 1,SYSTEM,thaytuxn vừa đánh quái may mắn nhận được 1 trang bị Set kích hoạt,thaytuxn,,,,Set kích hoạt,0,2026-07-03 00:38:35
8638576,2026-06-24 06:07:32,Super 1,SYSTEM,s1brolysuper vừa đánh quái may mắn nhận được 1 trang bị Set kích hoạt Set Cađic M,s1brolysuper,,,,Set kích hoạt Set Cađic M,0,2026-07-03 00:38:35
8637526,2026-06-24 05:32:33,Super 1,SYSTEM,emquenanhroi vừa đánh quái may mắn nhận được 1 trang bị Set kích hoạt,emquenanhroi,,,,Set kích hoạt,0,2026-07-03 00:38:36
8637397,2026-06-24 05:27:56,Super 1,SYSTEM,hoangpzvm vừa đánh quái may mắn nhận được 1 trang bị Set kích hoạt Set Cađic M,hoangpzvm,,,,Set kích hoạt Set Cađic M,0,2026-07-03 00:38:36
8636531,2026-06-24 04:55:55,Super 1,SYSTEM,dukich1 vừa đánh quái may mắn nhận được 1 trang bị Set kích hoạt,dukich1,,,,Set kích hoạt,0,2026-07-03 00:38:36
8635639,2026-06-24 04:17:08,Super 1,SYSTEM,bachlien vừa đánh quái may mắn nhận được 1 trang bị Set kích hoạt,bachlien,,,,Set kích hoạt,0,2026-07-03 00:38:36
8633718,2026-06-24 02:31:06,Super 1,SYSTEM,sasuzanus vừa đánh quái may mắn nhận được 1 trang bị Set kích hoạt,sasuzanus,,,,Set kích hoạt,0,2026-07-03 00:38:36
8633594,2026-06-24 02:26:54,Super 1,SYSTEM,s1brolysuper vừa đánh quái may mắn nhận được 1 trang bị Set kích hoạt,s1brolysuper,,,,Set kích hoạt,0,2026-07-03 00:38:36
8633073,2026-06-24 02:06:30,Super 1,SYSTEM,emquenanhroi vừa đánh quái may mắn nhận được 1 trang bị Set kích hoạt Set Cađic M,emquenanhroi,,,,Set kích hoạt Set Cađic M,0,2026-07-03 00:38:36
8632500,2026-06-24 01:44:42,Super 1,SYSTEM,echvabaoo vừa đánh quái may mắn nhận được 1 trang bị Set kích hoạt,echvabaoo,,,,Set kích hoạt,0,2026-07-03 00:38:36
8630878,2026-06-24 00:47:04,Super 1,SYSTEM,iilovethaoo vừa đánh quái may mắn nhận được 1 trang bị Set kích hoạt Set Cađic M,iilovethaoo,,,,Set kích hoạt Set Cađic M,0,2026-07-03 00:38:36
8629685,2026-06-24 00:04:04,Super 1,SYSTEM,thaytuxn vừa đánh quái may mắn nhận được 1 trang bị Set kích hoạt Set Thần Vũ Trụ Kaio,thaytuxn,,,,Set kích hoạt Set Thần Vũ Trụ Kaio,0,2026-07-03 00:38:36
8628746,2026-06-23 23:31:53,Super 1,SYSTEM,toilatewo vừa đánh quái may mắn nhận được 1 trang bị Set kích hoạt,toilatewo,,,,Set kích hoạt,0,2026-07-03 00:38:36
8628385,2026-06-23 23:21:52,Super 1,SYSTEM,hoangpzvm vừa đánh quái may mắn nhận được 1 trang bị Set kích hoạt,hoangpzvm,,,,Set kích hoạt,0,2026-07-03 00:38:36
8628343,2026-06-23 23:20:28,Super 1,SYSTEM,11ztewoz vừa đánh quái may mắn nhận được 1 trang bị Set kích hoạt Set Thần Vũ Trụ Kaio,11ztewoz,,,,Set kích hoạt Set Thần Vũ Trụ Kaio,0,2026-07-03 00:38:36
8627863,2026-06-23 23:04:40,Super 1,SYSTEM,cbronappano1 vừa đánh quái may mắn nhận được 1 trang bị Set kích hoạt,cbronappano1,,,,Set kích hoạt,0,2026-07-03 00:38:36
8627201,2026-06-23 22:45:28,Super 1,SYSTEM,11ztewoz vừa đánh quái may mắn nhận được 1 trang bị Set kích hoạt,11ztewoz,,,,Set kích hoạt,0,2026-07-03 00:38:36
8625991,2026-06-23 22:10:03,Super 1,SYSTEM,dukich1 vừa đánh quái may mắn nhận được 1 trang bị Set kích hoạt Set Cađic M,dukich1,,,,Set kích hoạt Set Cađic M,0,2026-07-03 00:38:36
8625686,2026-06-23 21:59:52,Super 1,SYSTEM,hoangpzvm vừa đánh quái may mắn nhận được 1 trang bị Set kích hoạt,hoangpzvm,,,,Set kích hoạt,0,2026-07-03 00:38:36
8625323,2026-06-23 21:49:39,Super 1,SYSTEM,s1brolysuper vừa đánh quái may mắn nhận được 1 trang bị Set kích hoạt Set Cađic M,s1brolysuper,,,,Set kích hoạt Set Cađic M,0,2026-07-03 00:38:36
8624105,2026-06-23 21:10:39,Super 1,SYSTEM,[HT] whiskids vừa đánh quái may mắn nhận được 1 trang bị Set kích hoạt Gohan,,,,,Set kích hoạt Gohan,0,2026-07-03 00:38:36
8623446,2026-06-23 20:48:39,Super 1,SYSTEM,dukich1 vừa đánh quái may mắn nhận được 1 trang bị Set kích hoạt,dukich1,,,,Set kích hoạt,0,2026-07-03 00:38:36
8623152,2026-06-23 20:39:51,Super 1,SYSTEM,anluonsever vừa đánh quái may mắn nhận được 1 trang bị Set kích hoạt,anluonsever,,,,Set kích hoạt,0,2026-07-03 00:38:36
8622879,2026-06-23 20:29:14,Super 1,SYSTEM,kakapote vừa đánh quái may mắn nhận được 1 trang bị Set kích hoạt,kakapote,,,,Set kích hoạt,0,2026-07-03 00:38:36
8622763,2026-06-23 20:26:01,Super 1,SYSTEM,plastic007 vừa đánh quái may mắn nhận được 1 trang bị Set kích hoạt,plastic007,,,,Set kích hoạt,0,2026-07-03 00:38:36
8622111,2026-06-23 20:08:14,Super 1,SYSTEM,goku0j0 vừa đánh quái may mắn nhận được 1 trang bị Set kích hoạt,goku0j0,,,,Set kích hoạt,0,2026-07-03 00:38:36
8621957,2026-06-23 20:03:25,Super 1,SYSTEM,zoeiii vừa đánh quái may mắn nhận được 1 trang bị Set kích hoạt,zoeiii,,,,Set kích hoạt,0,2026-07-03 00:38:36
8621676,2026-06-23 19:56:26,Super 1,SYSTEM,hungdzsuper vừa đánh quái may mắn nhận được 1 trang bị Set kích hoạt,hungdzsuper,,,,Set kích hoạt,0,2026-07-03 00:38:36
8619761,2026-06-23 19:03:37,Super 1,SYSTEM,anluonsever vừa đánh quái may mắn nhận được 1 trang bị Set kích hoạt,anluonsever,,,,Set kích hoạt,0,2026-07-03 00:38:36
8619325,2026-06-23 18:50:02,Super 1,SYSTEM,sasuzanus vừa đánh quái may mắn nhận được 1 trang bị Set kích hoạt,sasuzanus,,,,Set kích hoạt,0,2026-07-03 00:38:36
8618708,2026-06-23 18:32:36,Super 1,SYSTEM,zoeiii vừa đánh quái may mắn nhận được 1 trang bị Set kích hoạt,zoeiii,,,,Set kích hoạt,0,2026-07-03 00:38:36
8617913,2026-06-23 18:07:58,Super 1,SYSTEM,herokok vừa đánh quái may mắn nhận được 1 trang bị Set kích hoạt Set Thần Vũ Trụ Kaio,herokok,,,,Set kích hoạt Set Thần Vũ Trụ Kaio,0,2026-07-03 00:38:36
8617740,2026-06-23 18:02:36,Super 1,SYSTEM,satorugoku vừa đánh quái may mắn nhận được 1 trang bị Set kích hoạt,satorugoku,,,,Set kích hoạt,0,2026-07-03 00:38:36
8617691,2026-06-23 18:01:00,Super 1,SYSTEM,cbronappano1 vừa đánh quái may mắn nhận được 1 trang bị Set kích hoạt Set Cađic M,cbronappano1,,,,Set kích hoạt Set Cađic M,0,2026-07-03 00:38:36
8616946,2026-06-23 17:38:48,Super 1,SYSTEM,chubodoi1 vừa đánh quái may mắn nhận được 1 trang bị Set kích hoạt,chubodoi1,,,,Set kích hoạt,0,2026-07-03 00:38:36
8615077,2026-06-23 16:36:13,Super 1,SYSTEM,toilatewo vừa đánh quái may mắn nhận được 1 trang bị Set kích hoạt Set Thần Vũ Trụ Kaio,toilatewo,,,,Set kích hoạt Set Thần Vũ Trụ Kaio,0,2026-07-03 00:38:36
8614877,2026-06-23 16:29:25,Super 1,SYSTEM,carotblack vừa đánh quái may mắn nhận được 1 trang bị Set kích hoạt,carotblack,,,,Set kích hoạt,0,2026-07-03 00:38:36
8614551,2026-06-23 16:17:36,Super 1,SYSTEM,11ztewoz vừa đánh quái may mắn nhận được 1 trang bị Set kích hoạt Set Thần Vũ Trụ Kaio,11ztewoz,,,,Set kích hoạt Set Thần Vũ Trụ Kaio,0,2026-07-03 00:38:36
8614515,2026-06-23 16:16:02,Super 1,SYSTEM,hoangpzvm vừa đánh quái may mắn nhận được 1 trang bị Set kích hoạt Set Cađic M,hoangpzvm,,,,Set kích hoạt Set Cađic M,0,2026-07-03 00:38:36
8612215,2026-06-23 14:55:38,Super 1,SYSTEM,plastic007 vừa đánh quái may mắn nhận được 1 trang bị Set kích hoạt Set Thần Vũ Trụ Kaio,plastic007,,,,Set kích hoạt Set Thần Vũ Trụ Kaio,0,2026-07-03 00:38:36
8612035,2026-06-23 14:47:49,Super 1,SYSTEM,satorugoku vừa đánh quái may mắn nhận được 1 trang bị Set kích hoạt,satorugoku,,,,Set kích hoạt,0,2026-07-03 00:38:36
8611827,2026-06-23 14:40:39,Super 1,SYSTEM,[HT] poscher1 vừa đánh quái may mắn nhận được 1 trang bị Set kích hoạt Gohan,,,,,Set kích hoạt Gohan,0,2026-07-03 00:38:36
8610848,2026-06-23 14:08:02,Super 1,SYSTEM,redfinger vừa đánh quái may mắn nhận được 1 trang bị Set kích hoạt,redfinger,,,,Set kích hoạt,0,2026-07-03 00:38:36
8610575,2026-06-23 14:00:02,Super 1,SYSTEM,dukich1 vừa đánh quái may mắn nhận được 1 trang bị Set kích hoạt,dukich1,,,,Set kích hoạt,0,2026-07-03 00:38:36
8610431,2026-06-23 13:55:13,Super 1,SYSTEM,satorugoku vừa đánh quái may mắn nhận được 1 trang bị Set kích hoạt,satorugoku,,,,Set kích hoạt,0,2026-07-03 00:38:36
8610304,2026-06-23 13:50:15,Super 1,SYSTEM,ngocdao vừa đánh quái may mắn nhận được 1 trang bị Set kích hoạt,ngocdao,,,,Set kích hoạt,0,2026-07-03 00:38:36
8609749,2026-06-23 13:30:49,Super 1,SYSTEM,plastic007 vừa đánh quái may mắn nhận được 1 trang bị Set kích hoạt,plastic007,,,,Set kích hoạt,0,2026-07-03 00:38:36
8608996,2026-06-23 13:02:03,Super 1,SYSTEM,goku0j0 vừa đánh quái may mắn nhận được 1 trang bị Set kích hoạt,goku0j0,,,,Set kích hoạt,0,2026-07-03 00:38:36
8608218,2026-06-23 12:40:40,Super 1,SYSTEM,cbronappano1 vừa đánh quái may mắn nhận được 1 trang bị Set kích hoạt,cbronappano1,,,,Set kích hoạt,0,2026-07-03 00:38:36
8608117,2026-06-23 12:38:16,Super 1,SYSTEM,krays1kkr vừa đánh quái may mắn nhận được 1 trang bị Set kích hoạt Set Cađic M,krays1kkr,,,,Set kích hoạt Set Cađic M,0,2026-07-03 00:38:36
8607829,2026-06-23 12:29:27,Super 1,SYSTEM,11ztewoz vừa đánh quái may mắn nhận được 1 trang bị Set kích hoạt,11ztewoz,,,,Set kích hoạt,0,2026-07-03 00:38:36
8605922,2026-06-23 11:34:27,Super 1,SYSTEM,plastic007 vừa đánh quái may mắn nhận được 1 trang bị Set kích hoạt,plastic007,,,,Set kích hoạt,0,2026-07-03 00:38:36
8605093,2026-06-23 11:06:05,Super 1,SYSTEM,dukich1 vừa đánh quái may mắn nhận được 1 trang bị Set kích hoạt,dukich1,,,,Set kích hoạt,0,2026-07-03 00:38:37
8605045,2026-06-23 11:04:17,Super 1,SYSTEM,hoangpzvm vừa đánh quái may mắn nhận được 1 trang bị Set kích hoạt,hoangpzvm,,,,Set kích hoạt,0,2026-07-03 00:38:37
8604160,2026-06-23 10:33:52,Super 1,SYSTEM,11ztewoz vừa đánh quái may mắn nhận được 1 trang bị Set kích hoạt,11ztewoz,,,,Set kích hoạt,0,2026-07-03 00:38:37
8603212,2026-06-23 10:00:27,Super 1,SYSTEM,toilatewo vừa đánh quái may mắn nhận được 1 trang bị Set kích hoạt Set Thần Vũ Trụ Kaio,toilatewo,,,,Set kích hoạt Set Thần Vũ Trụ Kaio,0,2026-07-03 00:38:37
8602987,2026-06-23 09:53:04,Super 1,SYSTEM,[HT] kakalotcuti vừa đánh quái may mắn nhận được 1 trang bị Set kích hoạt Gohan,,,,,Set kích hoạt Gohan,0,2026-07-03 00:38:37
8602899,2026-06-23 09:49:40,Super 1,SYSTEM,[HT] oxiii vừa đánh quái may mắn nhận được 1 trang bị Set kích hoạt Gohan,,,,,Set kích hoạt Gohan,0,2026-07-03 00:38:37
8601613,2026-06-23 09:05:40,Super 1,SYSTEM,satorugoku vừa đánh quái may mắn nhận được 1 trang bị Set kích hoạt,satorugoku,,,,Set kích hoạt,0,2026-07-03 00:38:37
8600731,2026-06-23 08:34:27,Super 1,SYSTEM,dukich1 vừa đánh quái may mắn nhận được 1 trang bị Set kích hoạt,dukich1,,,,Set kích hoạt,0,2026-07-03 00:38:37
8600364,2026-06-23 08:20:27,Super 1,SYSTEM,kakapote vừa đánh quái may mắn nhận được 1 trang bị Set kích hoạt Set Cađic M,kakapote,,,,Set kích hoạt Set Cađic M,0,2026-07-03 00:38:37
8600306,2026-06-23 08:17:27,Super 1,SYSTEM,s1brolysuper vừa đánh quái may mắn nhận được 1 trang bị Set kích hoạt,s1brolysuper,,,,Set kích hoạt,0,2026-07-03 00:38:37
8599460,2026-06-23 07:50:38,Super 1,SYSTEM,11ztewoz vừa đánh quái may mắn nhận được 1 trang bị Set kích hoạt,11ztewoz,,,,Set kích hoạt,0,2026-07-03 00:38:37
8599454,2026-06-23 07:50:26,Super 1,SYSTEM,onlymeinhere vừa đánh quái may mắn nhận được 1 trang bị Set kích hoạt,onlymeinhere,,,,Set kích hoạt,0,2026-07-03 00:38:37
8599354,2026-06-23 07:47:14,Super 1,SYSTEM,thaytuxn vừa đánh quái may mắn nhận được 1 trang bị Set kích hoạt Set Thần Vũ Trụ Kaio,thaytuxn,,,,Set kích hoạt Set Thần Vũ Trụ Kaio,0,2026-07-03 00:38:37
8596998,2026-06-23 06:39:38,Super 1,SYSTEM,zoness vừa đánh quái may mắn nhận được 1 trang bị Set kích hoạt,zoness,,,,Set kích hoạt,0,2026-07-03 00:38:37
8596894,2026-06-23 06:35:13,Super 1,SYSTEM,s1brolysuper vừa đánh quái may mắn nhận được 1 trang bị Set kích hoạt,s1brolysuper,,,,Set kích hoạt,0,2026-07-03 00:38:37
8596564,2026-06-23 06:27:51,Super 1,SYSTEM,11ztewoz vừa đánh quái may mắn nhận được 1 trang bị Set kích hoạt,11ztewoz,,,,Set kích hoạt,0,2026-07-03 00:38:37
8595676,2026-06-23 06:01:14,Super 1,SYSTEM,plastic007 vừa đánh quái may mắn nhận được 1 trang bị Set kích hoạt,plastic007,,,,Set kích hoạt,0,2026-07-03 00:38:37
8594371,2026-06-23 05:20:14,Super 1,SYSTEM,cbronappano1 vừa đánh quái may mắn nhận được 1 trang bị Set kích hoạt,cbronappano1,,,,Set kích hoạt,0,2026-07-03 00:38:37
8591337,2026-06-23 02:47:52,Super 1,SYSTEM,s1brolysuper vừa đánh quái may mắn nhận được 1 trang bị Set kích hoạt,s1brolysuper,,,,Set kích hoạt,0,2026-07-03 00:38:37
8590849,2026-06-23 02:33:04,Super 1,SYSTEM,goku0j0 vừa đánh quái may mắn nhận được 1 trang bị Set kích hoạt,goku0j0,,,,Set kích hoạt,0,2026-07-03 00:38:37
8589822,2026-06-23 02:01:16,Super 1,SYSTEM,ngocdao vừa đánh quái may mắn nhận được 1 trang bị Set kích hoạt,ngocdao,,,,Set kích hoạt,0,2026-07-03 00:38:37
8588898,2026-06-23 01:35:03,Super 1,SYSTEM,11ztewoz vừa đánh quái may mắn nhận được 1 trang bị Set kích hoạt,11ztewoz,,,,Set kích hoạt,0,2026-07-03 00:38:37
8588401,2026-06-23 01:21:26,Super 1,SYSTEM,goku0j0 vừa đánh quái may mắn nhận được 1 trang bị Set kích hoạt,goku0j0,,,,Set kích hoạt,0,2026-07-03 00:38:37
8586894,2026-06-23 00:36:50,Super 1,SYSTEM,anluonsever vừa đánh quái may mắn nhận được 1 trang bị Set kích hoạt Set Cađic M,anluonsever,,,,Set kích hoạt Set Cađic M,0,2026-07-03 00:38:37
8586794,2026-06-23 00:33:15,Super 1,SYSTEM,satorugoku vừa đánh quái may mắn nhận được 1 trang bị Set kích hoạt,satorugoku,,,,Set kích hoạt,0,2026-07-03 00:38:37
8586470,2026-06-23 00:25:15,Super 1,SYSTEM,zoness vừa đánh quái may mắn nhận được 1 trang bị Set kích hoạt,zoness,,,,Set kích hoạt,0,2026-07-03 00:38:37
8585718,2026-06-23 00:06:03,Super 1,SYSTEM,carotblack vừa đánh quái may mắn nhận được 1 trang bị Set kích hoạt,carotblack,,,,Set kích hoạt,0,2026-07-03 00:38:37
8585421,2026-06-22 23:57:26,Super 1,SYSTEM,11ztewoz vừa đánh quái may mắn nhận được 1 trang bị Set kích hoạt Set Thần Vũ Trụ Kaio,11ztewoz,,,,Set kích hoạt Set Thần Vũ Trụ Kaio,0,2026-07-03 00:38:37
8585296,2026-06-22 23:54:50,Super 1,SYSTEM,zoness vừa đánh quái may mắn nhận được 1 trang bị Set kích hoạt,zoness,,,,Set kích hoạt,0,2026-07-03 00:38:37
8583781,2026-06-22 23:13:38,Super 1,SYSTEM,dukich1 vừa đánh quái may mắn nhận được 1 trang bị Set kích hoạt,dukich1,,,,Set kích hoạt,0,2026-07-03 00:38:37
8582360,2026-06-22 22:40:01,Super 1,SYSTEM,zoness vừa đánh quái may mắn nhận được 1 trang bị Set kích hoạt,zoness,,,,Set kích hoạt,0,2026-07-03 00:38:37
8582085,2026-06-22 22:31:26,Super 1,SYSTEM,anluonsever vừa đánh quái may mắn nhận được 1 trang bị Set kích hoạt,anluonsever,,,,Set kích hoạt,0,2026-07-03 00:38:37
8581566,2026-06-22 22:16:25,Super 1,SYSTEM,11ztewoz vừa đánh quái may mắn nhận được 1 trang bị Set kích hoạt,11ztewoz,,,,Set kích hoạt,0,2026-07-03 00:38:37
8579869,2026-06-22 21:33:24,Super 1,SYSTEM,kakapote vừa đánh quái may mắn nhận được 1 trang bị Set kích hoạt Set Cađic M,kakapote,,,,Set kích hoạt Set Cađic M,0,2026-07-03 00:38:37
8577769,2026-06-22 20:26:24,Super 1,SYSTEM,[HT] friendyone vừa đánh quái may mắn nhận được 1 trang bị Set kích hoạt Gohan,,,,,Set kích hoạt Gohan,0,2026-07-03 00:38:37
8577067,2026-06-22 20:04:36,Super 1,SYSTEM,goku0j0 vừa đánh quái may mắn nhận được 1 trang bị Set kích hoạt,goku0j0,,,,Set kích hoạt,0,2026-07-03 00:38:37
8576693,2026-06-22 19:54:13,Super 1,SYSTEM,cchaydangcap vừa đánh quái may mắn nhận được 1 trang bị Set kích hoạt,cchaydangcap,,,,Set kích hoạt,0,2026-07-03 00:38:37
8575893,2026-06-22 19:34:47,Super 1,SYSTEM,hungdzsuper vừa đánh quái may mắn nhận được 1 trang bị Set kích hoạt,hungdzsuper,,,,Set kích hoạt,0,2026-07-03 00:38:37
8574019,2026-06-22 18:43:36,Super 1,SYSTEM,krays1kkr vừa đánh quái may mắn nhận được 1 trang bị Set kích hoạt,krays1kkr,,,,Set kích hoạt,0,2026-07-03 00:38:37
8573877,2026-06-22 18:39:00,Super 1,SYSTEM,[HT] superepk1 vừa đánh quái may mắn nhận được 1 trang bị Set kích hoạt Gohan,,,,,Set kích hoạt Gohan,0,2026-07-03 00:38:37
8572126,2026-06-22 17:47:23,Super 1,SYSTEM,chubodoi1 vừa đánh quái may mắn nhận được 1 trang bị Set kích hoạt,chubodoi1,,,,Set kích hoạt,0,2026-07-03 00:38:37
8570412,2026-06-22 16:56:46,Super 1,SYSTEM,nhokcon31 vừa đánh quái may mắn nhận được 1 trang bị Set kích hoạt Set Thần Vũ Trụ Kaio,nhokcon31,,,,Set kích hoạt Set Thần Vũ Trụ Kaio,0,2026-07-03 00:38:37
8570276,2026-06-22 16:51:34,Super 1,SYSTEM,bachlien vừa đánh quái may mắn nhận được 1 trang bị Set kích hoạt Set Cađic M,bachlien,,,,Set kích hoạt Set Cađic M,0,2026-07-03 00:38:37
8570071,2026-06-22 16:43:59,Super 1,SYSTEM,anluonsever vừa đánh quái may mắn nhận được 1 trang bị Set kích hoạt Set Cađic M,anluonsever,,,,Set kích hoạt Set Cađic M,0,2026-07-03 00:38:37
8569809,2026-06-22 16:36:58,Super 1,SYSTEM,11ztewoz vừa đánh quái may mắn nhận được 1 trang bị Set kích hoạt,11ztewoz,,,,Set kích hoạt,0,2026-07-03 00:38:37
8568146,2026-06-22 15:41:21,Super 1,SYSTEM,echvabaoo vừa đánh quái may mắn nhận được 1 trang bị Set kích hoạt,echvabaoo,,,,Set kích hoạt,0,2026-07-03 00:38:37
8566934,2026-06-22 15:04:10,Super 1,SYSTEM,11ztewoz vừa đánh quái may mắn nhận được 1 trang bị Set kích hoạt,11ztewoz,,,,Set kích hoạt,0,2026-07-03 00:38:37
8566282,2026-06-22 14:42:46,Super 1,SYSTEM,toilatewo vừa đánh quái may mắn nhận được 1 trang bị Set kích hoạt,toilatewo,,,,Set kích hoạt,0,2026-07-03 00:38:37
8565717,2026-06-22 14:26:10,Super 1,SYSTEM,chubodoi1 vừa đánh quái may mắn nhận được 1 trang bị Set kích hoạt Set Cađic M,chubodoi1,,,,Set kích hoạt Set Cađic M,0,2026-07-03 00:38:37
8564920,2026-06-22 14:00:33,Super 1,SYSTEM,goku0j0 vừa đánh quái may mắn nhận được 1 trang bị Set kích hoạt,goku0j0,,,,Set kích hoạt,0,2026-07-03 00:38:37
8562229,2026-06-22 12:25:44,Super 1,SYSTEM,satorugoku vừa đánh quái may mắn nhận được 1 trang bị Set kích hoạt,satorugoku,,,,Set kích hoạt,0,2026-07-03 00:38:38
8560923,2026-06-22 11:46:08,Super 1,SYSTEM,herosgk vừa đánh quái may mắn nhận được 1 trang bị Set kích hoạt,herosgk,,,,Set kích hoạt,0,2026-07-03 00:38:38
8560674,2026-06-22 11:39:08,Super 1,SYSTEM,zoness vừa đánh quái may mắn nhận được 1 trang bị Set kích hoạt Set Thần Vũ Trụ Kaio,zoness,,,,Set kích hoạt Set Thần Vũ Trụ Kaio,0,2026-07-03 00:38:38
8558467,2026-06-22 10:28:34,Super 1,SYSTEM,[HT] asakura vừa đánh quái may mắn nhận được 1 trang bị Set kích hoạt Gohan,,,,,Set kích hoạt Gohan,0,2026-07-03 00:38:38
8558159,2026-06-22 10:18:59,Super 1,SYSTEM,hungdzsuper vừa đánh quái may mắn nhận được 1 trang bị Set kích hoạt,hungdzsuper,,,,Set kích hoạt,0,2026-07-03 00:38:38
8557441,2026-06-22 09:56:59,Super 1,SYSTEM,echvabaoo vừa đánh quái may mắn nhận được 1 trang bị Set kích hoạt Set Thần Vũ Trụ Kaio,echvabaoo,,,,Set kích hoạt Set Thần Vũ Trụ Kaio,0,2026-07-03 00:38:38
8556161,2026-06-22 09:13:57,Super 1,SYSTEM,cbronappano1 vừa đánh quái may mắn nhận được 1 trang bị Set kích hoạt Set Cađic M,cbronappano1,,,,Set kích hoạt Set Cađic M,0,2026-07-03 00:38:38
8554296,2026-06-22 08:11:33,Super 1,SYSTEM,carotblack vừa đánh quái may mắn nhận được 1 trang bị Set kích hoạt,carotblack,,,,Set kích hoạt,0,2026-07-03 00:38:38
8551897,2026-06-22 07:01:20,Super 1,SYSTEM,sasuzanus vừa đánh quái may mắn nhận được 1 trang bị Set kích hoạt Set Thần Vũ Trụ Kaio,sasuzanus,,,,Set kích hoạt Set Thần Vũ Trụ Kaio,0,2026-07-03 00:38:38
8551657,2026-06-22 06:54:31,Super 1,SYSTEM,goku0j0 vừa đánh quái may mắn nhận được 1 trang bị Set kích hoạt Set Cađic M,goku0j0,,,,Set kích hoạt Set Cađic M,0,2026-07-03 00:38:38
8551337,2026-06-22 06:46:09,Super 1,SYSTEM,krays1kkr vừa đánh quái may mắn nhận được 1 trang bị Set kích hoạt,krays1kkr,,,,Set kích hoạt,0,2026-07-03 00:38:38
8549393,2026-06-22 05:49:19,Super 1,SYSTEM,bachlien vừa đánh quái may mắn nhận được 1 trang bị Set kích hoạt,bachlien,,,,Set kích hoạt,0,2026-07-03 00:38:38
8549372,2026-06-22 05:48:43,Super 1,SYSTEM,herosgk vừa đánh quái may mắn nhận được 1 trang bị Set kích hoạt,herosgk,,,,Set kích hoạt,0,2026-07-03 00:38:38
8549094,2026-06-22 05:39:08,Super 1,SYSTEM,11ztewoz vừa đánh quái may mắn nhận được 1 trang bị Set kích hoạt,11ztewoz,,,,Set kích hoạt,0,2026-07-03 00:38:38
8547625,2026-06-22 04:41:55,Super 1,SYSTEM,herosgk vừa đánh quái may mắn nhận được 1 trang bị Set kích hoạt Set Thần Vũ Trụ Kaio,herosgk,,,,Set kích hoạt Set Thần Vũ Trụ Kaio,0,2026-07-03 00:38:38
8546019,2026-06-22 03:02:20,Super 1,SYSTEM,11ztewoz vừa đánh quái may mắn nhận được 1 trang bị Set kích hoạt,11ztewoz,,,,Set kích hoạt,0,2026-07-03 00:38:38
8545986,2026-06-22 02:59:44,Super 1,SYSTEM,bachlien vừa đánh quái may mắn nhận được 1 trang bị Set kích hoạt,bachlien,,,,Set kích hoạt,0,2026-07-03 00:38:38
8545656,2026-06-22 02:46:06,Super 1,SYSTEM,s1brolysuper vừa đánh quái may mắn nhận được 1 trang bị Set kích hoạt,s1brolysuper,,,,Set kích hoạt,0,2026-07-03 00:38:38
8544949,2026-06-22 02:17:41,Super 1,SYSTEM,goku0j0 vừa đánh quái may mắn nhận được 1 trang bị Set kích hoạt,goku0j0,,,,Set kích hoạt,0,2026-07-03 00:38:38
8544690,2026-06-22 02:06:30,Super 1,SYSTEM,mountain1 vừa đánh quái may mắn nhận được 1 trang bị Set kích hoạt,mountain1,,,,Set kích hoạt,0,2026-07-03 00:38:38
8544107,2026-06-22 01:43:18,Super 1,SYSTEM,hoangpzvm vừa đánh quái may mắn nhận được 1 trang bị Set kích hoạt,hoangpzvm,,,,Set kích hoạt,0,2026-07-03 00:38:38
8543789,2026-06-22 01:32:05,Super 1,SYSTEM,troinang vừa đánh quái may mắn nhận được 1 trang bị Set kích hoạt,troinang,,,,Set kích hoạt,0,2026-07-03 00:38:38
8542032,2026-06-22 00:20:52,Super 1,SYSTEM,plastic007 vừa đánh quái may mắn nhận được 1 trang bị Set kích hoạt Set Thần Vũ Trụ Kaio,plastic007,,,,Set kích hoạt Set Thần Vũ Trụ Kaio,0,2026-07-03 00:38:38
8540914,2026-06-21 23:41:29,Super 1,SYSTEM,[HT] iidesu08 vừa đánh quái may mắn nhận được 1 trang bị Set kích hoạt Gohan,,,,,Set kích hoạt Gohan,0,2026-07-03 00:38:38
8540708,2026-06-21 23:33:16,Super 1,SYSTEM,goku0j0 vừa đánh quái may mắn nhận được 1 trang bị Set kích hoạt,goku0j0,,,,Set kích hoạt,0,2026-07-03 00:38:38
8539558,2026-06-21 22:55:16,Super 1,SYSTEM,dungantoima vừa đánh quái may mắn nhận được 1 trang bị Set kích hoạt Set Thần Vũ Trụ Kaio,dungantoima,,,,Set kích hoạt Set Thần Vũ Trụ Kaio,0,2026-07-03 00:38:38
8539418,2026-06-21 22:52:04,Super 1,SYSTEM,cbronappano1 vừa đánh quái may mắn nhận được 1 trang bị Set kích hoạt,cbronappano1,,,,Set kích hoạt,0,2026-07-03 00:38:38
8538970,2026-06-21 22:39:27,Super 1,SYSTEM,quyzanh234x vừa đánh quái may mắn nhận được 1 trang bị Set kích hoạt,quyzanh234x,,,,Set kích hoạt,0,2026-07-03 00:38:38
8538868,2026-06-21 22:36:17,Super 1,SYSTEM,carotblack vừa đánh quái may mắn nhận được 1 trang bị Set kích hoạt,carotblack,,,,Set kích hoạt,0,2026-07-03 00:38:38
8538174,2026-06-21 22:15:39,Super 1,SYSTEM,plastic007 vừa đánh quái may mắn nhận được 1 trang bị Set kích hoạt,plastic007,,,,Set kích hoạt,0,2026-07-03 00:38:38
8537363,2026-06-21 21:48:52,Super 1,SYSTEM,herokakarot vừa đánh quái may mắn nhận được 1 trang bị Set kích hoạt Set Cađic M,herokakarot,,,,Set kích hoạt Set Cađic M,0,2026-07-03 00:38:38
8537232,2026-06-21 21:43:40,Super 1,SYSTEM,tunxinw vừa đánh quái may mắn nhận được 1 trang bị Set kích hoạt,tunxinw,,,,Set kích hoạt,0,2026-07-03 00:38:38
8536619,2026-06-21 21:23:04,Super 1,SYSTEM,cbronappano1 vừa đánh quái may mắn nhận được 1 trang bị Set kích hoạt Set Cađic M,cbronappano1,,,,Set kích hoạt Set Cađic M,0,2026-07-03 00:38:38
8535597,2026-06-21 20:52:27,Super 1,SYSTEM,zokinsp1 vừa đánh quái may mắn nhận được 1 trang bị Set kích hoạt,zokinsp1,,,,Set kích hoạt,0,2026-07-03 00:38:38
8535148,2026-06-21 20:37:14,Super 1,SYSTEM,sasuzanus vừa đánh quái may mắn nhận được 1 trang bị Set kích hoạt Set Thần Vũ Trụ Kaio,sasuzanus,,,,Set kích hoạt Set Thần Vũ Trụ Kaio,0,2026-07-03 00:38:38
8534353,2026-06-21 20:11:03,Super 1,SYSTEM,plastic007 vừa đánh quái may mắn nhận được 1 trang bị Set kích hoạt Set Thần Vũ Trụ Kaio,plastic007,,,,Set kích hoạt Set Thần Vũ Trụ Kaio,0,2026-07-03 00:38:38
8533587,2026-06-21 19:48:01,Super 1,SYSTEM,sasuzanus vừa đánh quái may mắn nhận được 1 trang bị Set kích hoạt Set Thần Vũ Trụ Kaio,sasuzanus,,,,Set kích hoạt Set Thần Vũ Trụ Kaio,0,2026-07-03 00:38:38
8532094,2026-06-21 19:06:49,Super 1,SYSTEM,11ztewoz vừa đánh quái may mắn nhận được 1 trang bị Set kích hoạt,11ztewoz,,,,Set kích hoạt,0,2026-07-03 00:38:38
8530476,2026-06-21 18:18:51,Super 1,SYSTEM,herokakarot vừa đánh quái may mắn nhận được 1 trang bị Set kích hoạt,herokakarot,,,,Set kích hoạt,0,2026-07-03 00:38:38
8529733,2026-06-21 18:00:16,Super 1,SYSTEM,gokushopeee vừa đánh quái may mắn nhận được 1 trang bị Set kích hoạt,gokushopeee,,,,Set kích hoạt,0,2026-07-03 00:38:38
8527928,2026-06-21 17:08:05,Super 1,SYSTEM,vuahp15 vừa đánh quái may mắn nhận được 1 trang bị Set kích hoạt,vuahp15,,,,Set kích hoạt,0,2026-07-03 00:38:38
8527383,2026-06-21 16:53:28,Super 1,SYSTEM,plastic007 vừa đánh quái may mắn nhận được 1 trang bị Set kích hoạt,plastic007,,,,Set kích hoạt,0,2026-07-03 00:38:38
8526804,2026-06-21 16:36:17,Super 1,SYSTEM,gokushopeee vừa đánh quái may mắn nhận được 1 trang bị Set kích hoạt,gokushopeee,,,,Set kích hoạt,0,2026-07-03 00:38:38
8526185,2026-06-21 16:16:17,Super 1,SYSTEM,tnam12123 vừa đánh quái may mắn nhận được 1 trang bị Set kích hoạt Set Cađic M,tnam12123,,,,Set kích hoạt Set Cađic M,0,2026-07-03 00:38:38
8525828,2026-06-21 16:06:05,Super 1,SYSTEM,11ztewoz vừa đánh quái may mắn nhận được 1 trang bị Set kích hoạt Set Thần Vũ Trụ Kaio,11ztewoz,,,,Set kích hoạt Set Thần Vũ Trụ Kaio,0,2026-07-03 00:38:38
8524920,2026-06-21 15:40:29,Super 1,SYSTEM,anluonsever vừa đánh quái may mắn nhận được 1 trang bị Set kích hoạt Set Cađic M,anluonsever,,,,Set kích hoạt Set Cađic M,0,2026-07-03 00:38:38
8524525,2026-06-21 15:28:42,Super 1,SYSTEM,[HT] wrongtimes vừa đánh quái may mắn nhận được 1 trang bị Set kích hoạt Gohan,,,,,Set kích hoạt Gohan,0,2026-07-03 00:38:38
8522381,2026-06-21 14:17:06,Super 1,SYSTEM,warborn1 vừa đánh quái may mắn nhận được 1 trang bị Set kích hoạt,warborn1,,,,Set kích hoạt,0,2026-07-03 00:38:38
8521672,2026-06-21 13:53:30,Super 1,SYSTEM,[HT] siufapsu vừa đánh quái may mắn nhận được 1 trang bị Set kích hoạt Gohan,,,,,Set kích hoạt Gohan,0,2026-07-03 00:38:38
8521434,2026-06-21 13:45:05,Super 1,SYSTEM,goku0j0 vừa đánh quái may mắn nhận được 1 trang bị Set kích hoạt,goku0j0,,,,Set kích hoạt,0,2026-07-03 00:38:38
8520917,2026-06-21 13:28:54,Super 1,SYSTEM,troinang vừa đánh quái may mắn nhận được 1 trang bị Set kích hoạt,troinang,,,,Set kích hoạt,0,2026-07-03 00:38:39
8520741,2026-06-21 13:22:30,Super 1,SYSTEM,onlymeinhere vừa đánh quái may mắn nhận được 1 trang bị Set kích hoạt Set Cađic M,onlymeinhere,,,,Set kích hoạt Set Cađic M,0,2026-07-03 00:38:39
8520321,2026-06-21 13:09:31,Super 1,SYSTEM,chubodoi1 vừa đánh quái may mắn nhận được 1 trang bị Set kích hoạt,chubodoi1,,,,Set kích hoạt,0,2026-07-03 00:38:39
8518736,2026-06-21 12:27:30,Super 1,SYSTEM,cbronappano1 vừa đánh quái may mắn nhận được 1 trang bị Set kích hoạt Set Cađic M,cbronappano1,,,,Set kích hoạt Set Cađic M,0,2026-07-03 00:38:39
8518696,2026-06-21 12:26:17,Super 1,SYSTEM,s1brolysuper vừa đánh quái may mắn nhận được 1 trang bị Set kích hoạt,s1brolysuper,,,,Set kích hoạt,0,2026-07-03 00:38:39
8517939,2026-06-21 12:07:30,Super 1,SYSTEM,vuahp15 vừa đánh quái may mắn nhận được 1 trang bị Set kích hoạt,vuahp15,,,,Set kích hoạt,0,2026-07-03 00:38:39
8517655,2026-06-21 12:00:31,Super 1,SYSTEM,redgokusama vừa đánh quái may mắn nhận được 1 trang bị Set kích hoạt Set Cađic M,redgokusama,,,,Set kích hoạt Set Cađic M,0,2026-07-03 00:38:39
8515715,2026-06-21 11:09:43,Super 1,SYSTEM,[HT] forester vừa đánh quái may mắn nhận được 1 trang bị Set kích hoạt Gohan,,,,,Set kích hoạt Gohan,0,2026-07-03 00:38:39
8514945,2026-06-21 10:46:56,Super 1,SYSTEM,alderaan vừa đánh quái may mắn nhận được 1 trang bị Set kích hoạt,alderaan,,,,Set kích hoạt,0,2026-07-03 00:38:39
8514590,2026-06-21 10:36:31,Super 1,SYSTEM,hungdzsuper vừa đánh quái may mắn nhận được 1 trang bị Set kích hoạt,hungdzsuper,,,,Set kích hoạt,0,2026-07-03 00:38:39
8514490,2026-06-21 10:33:30,Super 1,SYSTEM,dukich1 vừa đánh quái may mắn nhận được 1 trang bị Set kích hoạt,dukich1,,,,Set kích hoạt,0,2026-07-03 00:38:39
8513606,2026-06-21 10:09:42,Super 1,SYSTEM,neotokyo vừa đánh quái may mắn nhận được 1 trang bị Set kích hoạt Set Thần Vũ Trụ Kaio,neotokyo,,,,Set kích hoạt Set Thần Vũ Trụ Kaio,0,2026-07-03 00:38:39
8513533,2026-06-21 10:07:06,Super 1,SYSTEM,s1brolysuper vừa đánh quái may mắn nhận được 1 trang bị Set kích hoạt Set Cađic M,s1brolysuper,,,,Set kích hoạt Set Cađic M,0,2026-07-03 00:38:39
8512765,2026-06-21 09:42:32,Super 1,SYSTEM,11ztewoz vừa đánh quái may mắn nhận được 1 trang bị Set kích hoạt,11ztewoz,,,,Set kích hoạt,0,2026-07-03 00:38:39
8512663,2026-06-21 09:39:19,Super 1,SYSTEM,goku0j0 vừa đánh quái may mắn nhận được 1 trang bị Set kích hoạt,goku0j0,,,,Set kích hoạt,0,2026-07-03 00:38:39
8512475,2026-06-21 09:33:31,Super 1,SYSTEM,crimsonpeak vừa đánh quái may mắn nhận được 1 trang bị Set kích hoạt,crimsonpeak,,,,Set kích hoạt,0,2026-07-03 00:38:39
8512434,2026-06-21 09:31:55,Super 1,SYSTEM,krays1kkr vừa đánh quái may mắn nhận được 1 trang bị Set kích hoạt,krays1kkr,,,,Set kích hoạt,0,2026-07-03 00:38:39
8511965,2026-06-21 09:16:19,Super 1,SYSTEM,troinang vừa đánh quái may mắn nhận được 1 trang bị Set kích hoạt,troinang,,,,Set kích hoạt,0,2026-07-03 00:38:39
8511612,2026-06-21 09:04:42,Super 1,SYSTEM,satorugoku vừa đánh quái may mắn nhận được 1 trang bị Set kích hoạt,satorugoku,,,,Set kích hoạt,0,2026-07-03 00:38:39
8511468,2026-06-21 08:59:30,Super 1,SYSTEM,herokakarot vừa đánh quái may mắn nhận được 1 trang bị Set kích hoạt,herokakarot,,,,Set kích hoạt,0,2026-07-03 00:38:39
8511065,2026-06-21 08:46:42,Super 1,SYSTEM,11ztewoz vừa đánh quái may mắn nhận được 1 trang bị Set kích hoạt,11ztewoz,,,,Set kích hoạt,0,2026-07-03 00:38:39
8510528,2026-06-21 08:27:06,Super 1,SYSTEM,herosgk vừa đánh quái may mắn nhận được 1 trang bị Set kích hoạt,herosgk,,,,Set kích hoạt,0,2026-07-03 00:38:39
8510482,2026-06-21 08:25:54,Super 1,SYSTEM,carotblack vừa đánh quái may mắn nhận được 1 trang bị Set kích hoạt,carotblack,,,,Set kích hoạt,0,2026-07-03 00:38:39
8509547,2026-06-21 07:51:17,Super 1,SYSTEM,toilatewo vừa đánh quái may mắn nhận được 1 trang bị Set kích hoạt,toilatewo,,,,Set kích hoạt,0,2026-07-03 00:38:39
8509081,2026-06-21 07:35:54,Super 1,SYSTEM,11ztewoz vừa đánh quái may mắn nhận được 1 trang bị Set kích hoạt,11ztewoz,,,,Set kích hoạt,0,2026-07-03 00:38:39
8508848,2026-06-21 07:28:29,Super 1,SYSTEM,thaytuxn vừa đánh quái may mắn nhận được 1 trang bị Set kích hoạt Set Thần Vũ Trụ Kaio,thaytuxn,,,,Set kích hoạt Set Thần Vũ Trụ Kaio,0,2026-07-03 00:38:39
8505669,2026-06-21 05:36:28,Super 1,SYSTEM,quyzanh234x vừa đánh quái may mắn nhận được 1 trang bị Set kích hoạt,quyzanh234x,,,,Set kích hoạt,0,2026-07-03 00:38:39
8505427,2026-06-21 05:25:41,Super 1,SYSTEM,herokok vừa đánh quái may mắn nhận được 1 trang bị Set kích hoạt,herokok,,,,Set kích hoạt,0,2026-07-03 00:38:39
8505332,2026-06-21 05:21:05,Super 1,SYSTEM,zoness vừa đánh quái may mắn nhận được 1 trang bị Set kích hoạt,zoness,,,,Set kích hoạt,0,2026-07-03 00:38:39
8504902,2026-06-21 05:00:17,Super 1,SYSTEM,quenmotnguoi vừa đánh quái may mắn nhận được 1 trang bị Set kích hoạt,quenmotnguoi,,,,Set kích hoạt,0,2026-07-03 00:38:39
8504167,2026-06-21 04:22:38,Super 1,SYSTEM,onlymeinhere vừa đánh quái may mắn nhận được 1 trang bị Set kích hoạt Set Cađic M,onlymeinhere,,,,Set kích hoạt Set Cađic M,0,2026-07-03 00:38:39
8503287,2026-06-21 03:14:35,Super 1,SYSTEM,s1brolysuper vừa đánh quái may mắn nhận được 1 trang bị Set kích hoạt Set Cađic M,s1brolysuper,,,,Set kích hoạt Set Cađic M,0,2026-07-03 00:38:39
8503031,2026-06-21 03:04:10,Super 1,SYSTEM,zokinsp1 vừa đánh quái may mắn nhận được 1 trang bị Set kích hoạt,zokinsp1,,,,Set kích hoạt,0,2026-07-03 00:38:39
8501699,2026-06-21 02:21:22,Super 1,SYSTEM,kyber vừa đánh quái may mắn nhận được 1 trang bị Set kích hoạt Set Thần Vũ Trụ Kaio,kyber,,,,Set kích hoạt Set Thần Vũ Trụ Kaio,0,2026-07-03 00:38:39
8501495,2026-06-21 02:14:58,Super 1,SYSTEM,vuahp15 vừa đánh quái may mắn nhận được 1 trang bị Set kích hoạt,vuahp15,,,,Set kích hoạt,0,2026-07-03 00:38:39
8501326,2026-06-21 02:09:45,Super 1,SYSTEM,troinang vừa đánh quái may mắn nhận được 1 trang bị Set kích hoạt Set Cađic M,troinang,,,,Set kích hoạt Set Cađic M,0,2026-07-03 00:38:39
8501069,2026-06-21 02:01:46,Super 1,SYSTEM,alderaan vừa đánh quái may mắn nhận được 1 trang bị Set kích hoạt,alderaan,,,,Set kích hoạt,0,2026-07-03 00:38:39
8500958,2026-06-21 01:58:46,Super 1,SYSTEM,salazar vừa đánh quái may mắn nhận được 1 trang bị Set kích hoạt,salazar,,,,Set kích hoạt,0,2026-07-03 00:38:39
8500913,2026-06-21 01:57:34,Super 1,SYSTEM,herokakarot vừa đánh quái may mắn nhận được 1 trang bị Set kích hoạt,herokakarot,,,,Set kích hoạt,0,2026-07-03 00:38:39
8500576,2026-06-21 01:46:33,Super 1,SYSTEM,plastic007 vừa đánh quái may mắn nhận được 1 trang bị Set kích hoạt,plastic007,,,,Set kích hoạt,0,2026-07-03 00:38:39
8499272,2026-06-21 01:05:09,Super 1,SYSTEM,[HT] godzenobia vừa đánh quái may mắn nhận được 1 trang bị Set kích hoạt Gohan,,,,,Set kích hoạt Gohan,0,2026-07-03 00:38:39
8496328,2026-06-20 23:25:32,Super 1,SYSTEM,b0dayc0n vừa đánh quái may mắn nhận được 1 trang bị Set kích hoạt,b0dayc0n,,,,Set kích hoạt,0,2026-07-03 00:38:39
8495651,2026-06-20 23:03:31,Super 1,SYSTEM,vuahp15 vừa đánh quái may mắn nhận được 1 trang bị Set kích hoạt Set Cađic M,vuahp15,,,,Set kích hoạt Set Cađic M,0,2026-07-03 00:38:39
8495569,2026-06-20 23:00:55,Super 1,SYSTEM,toilatewo vừa đánh quái may mắn nhận được 1 trang bị Set kích hoạt Set Thần Vũ Trụ Kaio,toilatewo,,,,Set kích hoạt Set Thần Vũ Trụ Kaio,0,2026-07-03 00:38:39
8495517,2026-06-20 22:59:07,Super 1,SYSTEM,herosgk vừa đánh quái may mắn nhận được 1 trang bị Set kích hoạt Set Thần Vũ Trụ Kaio,herosgk,,,,Set kích hoạt Set Thần Vũ Trụ Kaio,0,2026-07-03 00:38:39
8495161,2026-06-20 22:47:20,Super 1,SYSTEM,goku0j0 vừa đánh quái may mắn nhận được 1 trang bị Set kích hoạt,goku0j0,,,,Set kích hoạt,0,2026-07-03 00:38:39
8493027,2026-06-20 21:39:43,Super 1,SYSTEM,[HT] hungi vừa đánh quái may mắn nhận được 1 trang bị Set kích hoạt Gohan,,,,,Set kích hoạt Gohan,0,2026-07-03 00:38:39
8492942,2026-06-20 21:36:07,Super 1,SYSTEM,hoangpzvm vừa đánh quái may mắn nhận được 1 trang bị Set kích hoạt,hoangpzvm,,,,Set kích hoạt,0,2026-07-03 00:38:39
8492669,2026-06-20 21:25:20,Super 1,SYSTEM,naboo vừa đánh quái may mắn nhận được 1 trang bị Set kích hoạt,naboo,,,,Set kích hoạt,0,2026-07-03 00:38:39
8492663,2026-06-20 21:25:08,Super 1,SYSTEM,chubodoi1 vừa đánh quái may mắn nhận được 1 trang bị Set kích hoạt,chubodoi1,,,,Set kích hoạt,0,2026-07-03 00:38:39
8490917,2026-06-20 20:21:30,Super 1,SYSTEM,zokinsp1 vừa đánh quái may mắn nhận được 1 trang bị Set kích hoạt,zokinsp1,,,,Set kích hoạt,0,2026-07-03 00:38:40
8490911,2026-06-20 20:21:18,Super 1,SYSTEM,hoangpzvm vừa đánh quái may mắn nhận được 1 trang bị Set kích hoạt,hoangpzvm,,,,Set kích hoạt,0,2026-07-03 00:38:40
8489982,2026-06-20 19:50:43,Super 1,SYSTEM,anluonsever vừa đánh quái may mắn nhận được 1 trang bị Set kích hoạt,anluonsever,,,,Set kích hoạt,0,2026-07-03 00:38:40
8488502,2026-06-20 19:05:42,Super 1,SYSTEM,naboo vừa đánh quái may mắn nhận được 1 trang bị Set kích hoạt Set Thần Vũ Trụ Kaio,naboo,,,,Set kích hoạt Set Thần Vũ Trụ Kaio,0,2026-07-03 00:38:40
8488402,2026-06-20 19:01:30,Super 1,SYSTEM,bachlien vừa đánh quái may mắn nhận được 1 trang bị Set kích hoạt,bachlien,,,,Set kích hoạt,0,2026-07-03 00:38:40
8487349,2026-06-20 18:27:29,Super 1,SYSTEM,neotokyo vừa đánh quái may mắn nhận được 1 trang bị Set kích hoạt,neotokyo,,,,Set kích hoạt,0,2026-07-03 00:38:40
8485713,2026-06-20 17:33:52,Super 1,SYSTEM,quyzanh234x vừa đánh quái may mắn nhận được 1 trang bị Set kích hoạt,quyzanh234x,,,,Set kích hoạt,0,2026-07-03 00:38:40
8484979,2026-06-20 17:10:30,Super 1,SYSTEM,[HT] hieutrum vừa đánh quái may mắn nhận được 1 trang bị Set kích hoạt Gohan,,,,,Set kích hoạt Gohan,0,2026-07-03 00:38:40
8484963,2026-06-20 17:09:54,Super 1,SYSTEM,anhtruc008 vừa đánh quái may mắn nhận được 1 trang bị Set kích hoạt Set Cađic M,anhtruc008,,,,Set kích hoạt Set Cađic M,0,2026-07-03 00:38:40
8484512,2026-06-20 16:54:04,Super 1,SYSTEM,satorugoku vừa đánh quái may mắn nhận được 1 trang bị Set kích hoạt,satorugoku,,,,Set kích hoạt,0,2026-07-03 00:38:40
8483898,2026-06-20 16:35:04,Super 1,SYSTEM,herosgk vừa đánh quái may mắn nhận được 1 trang bị Set kích hoạt,herosgk,,,,Set kích hoạt,0,2026-07-03 00:38:40
8483027,2026-06-20 16:05:29,Super 1,SYSTEM,alderaan vừa đánh quái may mắn nhận được 1 trang bị Set kích hoạt,alderaan,,,,Set kích hoạt,0,2026-07-03 00:38:40
8480877,2026-06-20 14:47:28,Super 1,SYSTEM,s1brolysuper vừa đánh quái may mắn nhận được 1 trang bị Set kích hoạt,s1brolysuper,,,,Set kích hoạt,0,2026-07-03 00:38:40
8478866,2026-06-20 13:38:03,Super 1,SYSTEM,plastic007 vừa đánh quái may mắn nhận được 1 trang bị Set kích hoạt,plastic007,,,,Set kích hoạt,0,2026-07-03 00:38:40
8478619,2026-06-20 13:29:16,Super 1,SYSTEM,herosgk vừa đánh quái may mắn nhận được 1 trang bị Set kích hoạt,herosgk,,,,Set kích hoạt,0,2026-07-03 00:38:40
8478558,2026-06-20 13:27:16,Super 1,SYSTEM,salazar vừa đánh quái may mắn nhận được 1 trang bị Set kích hoạt,salazar,,,,Set kích hoạt,0,2026-07-03 00:38:40
8477514,2026-06-20 12:51:27,Super 1,SYSTEM,alderaan vừa đánh quái may mắn nhận được 1 trang bị Set kích hoạt,alderaan,,,,Set kích hoạt,0,2026-07-03 00:38:40
8477176,2026-06-20 12:41:40,Super 1,SYSTEM,[HT] chjnxu vừa đánh quái may mắn nhận được 1 trang bị Set kích hoạt Gohan,,,,,Set kích hoạt Gohan,0,2026-07-03 00:38:40
8477087,2026-06-20 12:39:04,Super 1,SYSTEM,iilovethaoo vừa đánh quái may mắn nhận được 1 trang bị Set kích hoạt Set Cađic M,iilovethaoo,,,,Set kích hoạt Set Cađic M,0,2026-07-03 00:38:40
8476074,2026-06-20 12:13:39,Super 1,SYSTEM,warborn1 vừa đánh quái may mắn nhận được 1 trang bị Set kích hoạt,warborn1,,,,Set kích hoạt,0,2026-07-03 00:38:40
8475089,2026-06-20 11:43:50,Super 1,SYSTEM,tachikoma vừa đánh quái may mắn nhận được 1 trang bị Set kích hoạt Set Thần Vũ Trụ Kaio,tachikoma,,,,Set kích hoạt Set Thần Vũ Trụ Kaio,0,2026-07-03 00:38:40
8472932,2026-06-20 10:08:30,Super 1,SYSTEM,[HT] basang1mj vừa đánh quái may mắn nhận được 1 trang bị Set kích hoạt Gohan,,,,,Set kích hoạt Gohan,0,2026-07-03 00:38:40
8471701,2026-06-20 09:28:30,Super 1,SYSTEM,quyzanh234x vừa đánh quái may mắn nhận được 1 trang bị Set kích hoạt Set Cađic M,quyzanh234x,,,,Set kích hoạt Set Cađic M,0,2026-07-03 00:38:40
8471591,2026-06-20 09:25:30,Super 1,SYSTEM,dathomir vừa đánh quái may mắn nhận được 1 trang bị Set kích hoạt Set Thần Vũ Trụ Kaio,dathomir,,,,Set kích hoạt Set Thần Vũ Trụ Kaio,0,2026-07-03 00:38:40
8471483,2026-06-20 09:22:18,Super 1,SYSTEM,kyber vừa đánh quái may mắn nhận được 1 trang bị Set kích hoạt Set Thần Vũ Trụ Kaio,kyber,,,,Set kích hoạt Set Thần Vũ Trụ Kaio,0,2026-07-03 00:38:40
8471201,2026-06-20 09:13:31,Super 1,SYSTEM,themyscira vừa đánh quái may mắn nhận được 1 trang bị Set kích hoạt,themyscira,,,,Set kích hoạt,0,2026-07-03 00:38:40
8470877,2026-06-20 09:03:18,Super 1,SYSTEM,lightwang vừa đánh quái may mắn nhận được 1 trang bị Set kích hoạt,lightwang,,,,Set kích hoạt,0,2026-07-03 00:38:40
8470005,2026-06-20 08:34:19,Super 1,SYSTEM,tortuga vừa đánh quái may mắn nhận được 1 trang bị Set kích hoạt,tortuga,,,,Set kích hoạt,0,2026-07-03 00:38:40
8469753,2026-06-20 08:25:42,Super 1,SYSTEM,chubodoi1 vừa đánh quái may mắn nhận được 1 trang bị Set kích hoạt,chubodoi1,,,,Set kích hoạt,0,2026-07-03 00:38:40
8469629,2026-06-20 08:21:30,Super 1,SYSTEM,kakapote vừa đánh quái may mắn nhận được 1 trang bị Set kích hoạt,kakapote,,,,Set kích hoạt,0,2026-07-03 00:38:40
8468775,2026-06-20 07:50:53,Super 1,SYSTEM,lightwang vừa đánh quái may mắn nhận được 1 trang bị Set kích hoạt,lightwang,,,,Set kích hoạt,0,2026-07-03 00:38:40
8468321,2026-06-20 07:35:53,Super 1,SYSTEM,quyzanh234x vừa đánh quái may mắn nhận được 1 trang bị Set kích hoạt Set Cađic M,quyzanh234x,,,,Set kích hoạt Set Cađic M,0,2026-07-03 00:38:40
8468291,2026-06-20 07:34:29,Super 1,SYSTEM,neotokyo vừa đánh quái may mắn nhận được 1 trang bị Set kích hoạt,neotokyo,,,,Set kích hoạt,0,2026-07-03 00:38:40
8467310,2026-06-20 07:00:42,Super 1,SYSTEM,dathomir vừa đánh quái may mắn nhận được 1 trang bị Set kích hoạt,dathomir,,,,Set kích hoạt,0,2026-07-03 00:38:40
8466647,2026-06-20 06:38:42,Super 1,SYSTEM,razorcrest vừa đánh quái may mắn nhận được 1 trang bị Set kích hoạt,razorcrest,,,,Set kích hoạt,0,2026-07-03 00:38:40
8466548,2026-06-20 06:34:42,Super 1,SYSTEM,itomori vừa đánh quái may mắn nhận được 1 trang bị Set kích hoạt,itomori,,,,Set kích hoạt,0,2026-07-03 00:38:40
8466437,2026-06-20 06:31:17,Super 1,SYSTEM,tachikoma vừa đánh quái may mắn nhận được 1 trang bị Set kích hoạt,tachikoma,,,,Set kích hoạt,0,2026-07-03 00:38:40
8466202,2026-06-20 06:23:05,Super 1,SYSTEM,kakapote vừa đánh quái may mắn nhận được 1 trang bị Set kích hoạt,kakapote,,,,Set kích hoạt,0,2026-07-03 00:38:40
8465325,2026-06-20 05:56:42,Super 1,SYSTEM,hoangpzvm vừa đánh quái may mắn nhận được 1 trang bị Set kích hoạt,hoangpzvm,,,,Set kích hoạt,0,2026-07-03 00:38:40
8465034,2026-06-20 05:45:29,Super 1,SYSTEM,dukich1 vừa đánh quái may mắn nhận được 1 trang bị Set kích hoạt,dukich1,,,,Set kích hoạt,0,2026-07-03 00:38:40
8464599,2026-06-20 05:28:53,Super 1,SYSTEM,mountain1 vừa đánh quái may mắn nhận được 1 trang bị Set kích hoạt Set Thần Vũ Trụ Kaio,mountain1,,,,Set kích hoạt Set Thần Vũ Trụ Kaio,0,2026-07-03 00:38:40
8464594,2026-06-20 05:28:41,Super 1,SYSTEM,tachikoma vừa đánh quái may mắn nhận được 1 trang bị Set kích hoạt,tachikoma,,,,Set kích hoạt,0,2026-07-03 00:38:40
8464301,2026-06-20 05:16:40,Super 1,SYSTEM,lothal vừa đánh quái may mắn nhận được 1 trang bị Set kích hoạt,lothal,,,,Set kích hoạt,0,2026-07-03 00:38:40
8464292,2026-06-20 05:16:04,Super 1,SYSTEM,corvinus vừa đánh quái may mắn nhận được 1 trang bị Set kích hoạt,corvinus,,,,Set kích hoạt,0,2026-07-03 00:38:40
8464110,2026-06-20 05:07:29,Super 1,SYSTEM,anhtruc008 vừa đánh quái may mắn nhận được 1 trang bị Set kích hoạt,anhtruc008,,,,Set kích hoạt,0,2026-07-03 00:38:40
8463571,2026-06-20 04:44:53,Super 1,SYSTEM,chubodoi1 vừa đánh quái may mắn nhận được 1 trang bị Set kích hoạt,chubodoi1,,,,Set kích hoạt,0,2026-07-03 00:38:40
8463288,2026-06-20 04:32:04,Super 1,SYSTEM,hoanghme99 vừa đánh quái may mắn nhận được 1 trang bị Set kích hoạt,hoanghme99,,,,Set kích hoạt,0,2026-07-03 00:38:40
8462890,2026-06-20 04:14:38,Super 1,SYSTEM,salazar vừa đánh quái may mắn nhận được 1 trang bị Set kích hoạt Set Thần Vũ Trụ Kaio,salazar,,,,Set kích hoạt Set Thần Vũ Trụ Kaio,0,2026-07-03 00:38:40
8462808,2026-06-20 04:06:52,Super 1,SYSTEM,itomori vừa đánh quái may mắn nhận được 1 trang bị Set kích hoạt,itomori,,,,Set kích hoạt,0,2026-07-03 00:38:40
8462785,2026-06-20 04:03:51,Super 1,SYSTEM,gokushopeee vừa đánh quái may mắn nhận được 1 trang bị Set kích hoạt,gokushopeee,,,,Set kích hoạt,0,2026-07-03 00:38:40
8462761,2026-06-20 04:01:51,Super 1,SYSTEM,toilatewo vừa đánh quái may mắn nhận được 1 trang bị Set kích hoạt Set Thần Vũ Trụ Kaio,toilatewo,,,,Set kích hoạt Set Thần Vũ Trụ Kaio,0,2026-07-03 00:38:41
8462391,2026-06-20 03:21:50,Super 1,SYSTEM,zoness vừa đánh quái may mắn nhận được 1 trang bị Set kích hoạt,zoness,,,,Set kích hoạt,0,2026-07-03 00:38:41
8462235,2026-06-20 03:17:04,Super 1,SYSTEM,toilatewo vừa đánh quái may mắn nhận được 1 trang bị Set kích hoạt,toilatewo,,,,Set kích hoạt,0,2026-07-03 00:38:41
8462132,2026-06-20 03:12:51,Super 1,SYSTEM,kyber vừa đánh quái may mắn nhận được 1 trang bị Set kích hoạt,kyber,,,,Set kích hoạt,0,2026-07-03 00:38:41
8462089,2026-06-20 03:11:27,Super 1,SYSTEM,crimsonpeak vừa đánh quái may mắn nhận được 1 trang bị Set kích hoạt,crimsonpeak,,,,Set kích hoạt,0,2026-07-03 00:38:41
8461805,2026-06-20 03:03:02,Super 1,SYSTEM,dathomir vừa đánh quái may mắn nhận được 1 trang bị Set kích hoạt,dathomir,,,,Set kích hoạt,0,2026-07-03 00:38:41
8459035,2026-06-20 01:43:03,Super 1,SYSTEM,kyber vừa đánh quái may mắn nhận được 1 trang bị Set kích hoạt,kyber,,,,Set kích hoạt,0,2026-07-03 00:38:41
8458621,2026-06-20 01:31:02,Super 1,SYSTEM,s1brolysuper vừa đánh quái may mắn nhận được 1 trang bị Set kích hoạt,s1brolysuper,,,,Set kích hoạt,0,2026-07-03 00:38:41
8457153,2026-06-20 00:48:02,Super 1,SYSTEM,corvinus vừa đánh quái may mắn nhận được 1 trang bị Set kích hoạt,corvinus,,,,Set kích hoạt,0,2026-07-03 00:38:41
8454586,2026-06-19 23:33:00,Super 1,SYSTEM,troinang vừa đánh quái may mắn nhận được 1 trang bị Set kích hoạt,troinang,,,,Set kích hoạt,0,2026-07-03 00:38:41
8452761,2026-06-19 22:43:24,Super 1,SYSTEM,hungdzsuper vừa đánh quái may mắn nhận được 1 trang bị Set kích hoạt,hungdzsuper,,,,Set kích hoạt,0,2026-07-03 00:38:41
8452377,2026-06-19 22:32:37,Super 1,SYSTEM,dukich1 vừa đánh quái may mắn nhận được 1 trang bị Set kích hoạt Set Cađic M,dukich1,,,,Set kích hoạt Set Cađic M,0,2026-07-03 00:38:41
8452127,2026-06-19 22:25:00,Super 1,SYSTEM,crimsonpeak vừa đánh quái may mắn nhận được 1 trang bị Set kích hoạt,crimsonpeak,,,,Set kích hoạt,0,2026-07-03 00:38:41
8451671,2026-06-19 22:12:37,Super 1,SYSTEM,hungdzsuper vừa đánh quái may mắn nhận được 1 trang bị Set kích hoạt,hungdzsuper,,,,Set kích hoạt,0,2026-07-03 00:38:41
8450791,2026-06-19 21:51:01,Super 1,SYSTEM,troinang vừa đánh quái may mắn nhận được 1 trang bị Set kích hoạt,troinang,,,,Set kích hoạt,0,2026-07-03 00:38:41
8450652,2026-06-19 21:47:48,Super 1,SYSTEM,s1brolysuper vừa đánh quái may mắn nhận được 1 trang bị Set kích hoạt,s1brolysuper,,,,Set kích hoạt,0,2026-07-03 00:38:41
8450288,2026-06-19 21:39:00,Super 1,SYSTEM,cbronappano1 vừa đánh quái may mắn nhận được 1 trang bị Set kích hoạt,cbronappano1,,,,Set kích hoạt,0,2026-07-03 00:38:41
8449921,2026-06-19 21:26:36,Super 1,SYSTEM,plastic007 vừa đánh quái may mắn nhận được 1 trang bị Set kích hoạt,plastic007,,,,Set kích hoạt,0,2026-07-03 00:38:41
8449881,2026-06-19 21:26:36,Super 1,SYSTEM,plastic007 vừa đánh quái may mắn nhận được 1 trang bị Set kích hoạt,plastic007,,,,Set kích hoạt,0,2026-07-03 00:38:41
8449312,2026-06-19 21:08:35,Super 1,SYSTEM,[HT] dhjf1b13b4 vừa đánh quái may mắn nhận được 1 trang bị Set kích hoạt Gohan,,,,,Set kích hoạt Gohan,0,2026-07-03 00:38:41
8448614,2026-06-19 20:49:23,Super 1,SYSTEM,razorcrest vừa đánh quái may mắn nhận được 1 trang bị Set kích hoạt,razorcrest,,,,Set kích hoạt,0,2026-07-03 00:38:41
8448180,2026-06-19 20:35:36,Super 1,SYSTEM,zokinsp1 vừa đánh quái may mắn nhận được 1 trang bị Set kích hoạt,zokinsp1,,,,Set kích hoạt,0,2026-07-03 00:38:41
8447835,2026-06-19 20:23:35,Super 1,SYSTEM,lothal vừa đánh quái may mắn nhận được 1 trang bị Set kích hoạt,lothal,,,,Set kích hoạt,0,2026-07-03 00:38:41
8447341,2026-06-19 20:08:35,Super 1,SYSTEM,quyzanh234x vừa đánh quái may mắn nhận được 1 trang bị Set kích hoạt,quyzanh234x,,,,Set kích hoạt,0,2026-07-03 00:38:41
8446496,2026-06-19 19:43:35,Super 1,SYSTEM,salazar vừa đánh quái may mắn nhận được 1 trang bị Set kích hoạt Set Thần Vũ Trụ Kaio,salazar,,,,Set kích hoạt Set Thần Vũ Trụ Kaio,0,2026-07-03 00:38:41
8446342,2026-06-19 19:38:34,Super 1,SYSTEM,plastic007 vừa đánh quái may mắn nhận được 1 trang bị Set kích hoạt,plastic007,,,,Set kích hoạt,0,2026-07-03 00:38:41
8446190,2026-06-19 19:33:58,Super 1,SYSTEM,lothal vừa đánh quái may mắn nhận được 1 trang bị Set kích hoạt Set Thần Vũ Trụ Kaio,lothal,,,,Set kích hoạt Set Thần Vũ Trụ Kaio,0,2026-07-03 00:38:41
8444930,2026-06-19 18:53:10,Super 1,SYSTEM,satorugoku vừa đánh quái may mắn nhận được 1 trang bị Set kích hoạt,satorugoku,,,,Set kích hoạt,0,2026-07-03 00:38:41
8443076,2026-06-19 18:01:25,Super 1,SYSTEM,themyscira vừa đánh quái may mắn nhận được 1 trang bị Set kích hoạt,themyscira,,,,Set kích hoạt,0,2026-07-03 00:38:41
8441946,2026-06-19 17:25:12,Super 1,SYSTEM,goku0j0 vừa đánh quái may mắn nhận được 1 trang bị Set kích hoạt,goku0j0,,,,Set kích hoạt,0,2026-07-03 00:38:41
8441263,2026-06-19 17:08:37,Super 1,SYSTEM,zoness vừa đánh quái may mắn nhận được 1 trang bị Set kích hoạt,zoness,,,,Set kích hoạt,0,2026-07-03 00:38:41
8441182,2026-06-19 17:06:13,Super 1,SYSTEM,emquenanhroi vừa đánh quái may mắn nhận được 1 trang bị Set kích hoạt Set Cađic M,emquenanhroi,,,,Set kích hoạt Set Cađic M,0,2026-07-03 00:38:41
8440019,2026-06-19 16:29:24,Super 1,SYSTEM,redfinger vừa đánh quái may mắn nhận được 1 trang bị Set kích hoạt,redfinger,,,,Set kích hoạt,0,2026-07-03 00:38:41
8440012,2026-06-19 16:29:00,Super 1,SYSTEM,kakapote vừa đánh quái may mắn nhận được 1 trang bị Set kích hoạt Set Cađic M,kakapote,,,,Set kích hoạt Set Cađic M,0,2026-07-03 00:38:41
8439701,2026-06-19 16:17:49,Super 1,SYSTEM,neotokyo vừa đánh quái may mắn nhận được 1 trang bị Set kích hoạt,neotokyo,,,,Set kích hoạt,0,2026-07-03 00:38:41
8439433,2026-06-19 16:09:36,Super 1,SYSTEM,[HT] iidesu vừa đánh quái may mắn nhận được 1 trang bị Set kích hoạt Gohan,,,,,Set kích hoạt Gohan,0,2026-07-03 00:38:41
8438242,2026-06-19 15:30:13,Super 1,SYSTEM,alderaan vừa đánh quái may mắn nhận được 1 trang bị Set kích hoạt,alderaan,,,,Set kích hoạt,0,2026-07-03 00:38:41
8438185,2026-06-19 15:27:37,Super 1,SYSTEM,hoanghme99 vừa đánh quái may mắn nhận được 1 trang bị Set kích hoạt,hoanghme99,,,,Set kích hoạt,0,2026-07-03 00:38:41
8436650,2026-06-19 14:35:37,Super 1,SYSTEM,kakapote vừa đánh quái may mắn nhận được 1 trang bị Set kích hoạt,kakapote,,,,Set kích hoạt,0,2026-07-03 00:38:41
8436422,2026-06-19 14:26:38,Super 1,SYSTEM,sasuzanus vừa đánh quái may mắn nhận được 1 trang bị Set kích hoạt Set Thần Vũ Trụ Kaio,sasuzanus,,,,Set kích hoạt Set Thần Vũ Trụ Kaio,0,2026-07-03 00:38:41
8436376,2026-06-19 14:25:02,Super 1,SYSTEM,plastic007 vừa đánh quái may mắn nhận được 1 trang bị Set kích hoạt,plastic007,,,,Set kích hoạt,0,2026-07-03 00:38:42
8435804,2026-06-19 14:04:38,Super 1,SYSTEM,vuahp15 vừa đánh quái may mắn nhận được 1 trang bị Set kích hoạt Set Cađic M,vuahp15,,,,Set kích hoạt Set Cađic M,0,2026-07-03 00:38:42
8435344,2026-06-19 13:47:01,Super 1,SYSTEM,salazar vừa đánh quái may mắn nhận được 1 trang bị Set kích hoạt Set Thần Vũ Trụ Kaio,salazar,,,,Set kích hoạt Set Thần Vũ Trụ Kaio,0,2026-07-03 00:38:42
8435210,2026-06-19 13:41:14,Super 1,SYSTEM,hoangpzvm vừa đánh quái may mắn nhận được 1 trang bị Set kích hoạt,hoangpzvm,,,,Set kích hoạt,0,2026-07-03 00:38:42
8434578,2026-06-19 13:17:02,Super 1,SYSTEM,quyzanh234x vừa đánh quái may mắn nhận được 1 trang bị Set kích hoạt,quyzanh234x,,,,Set kích hoạt,0,2026-07-03 00:38:42
8434497,2026-06-19 13:13:26,Super 1,SYSTEM,themyscira vừa đánh quái may mắn nhận được 1 trang bị Set kích hoạt,themyscira,,,,Set kích hoạt,0,2026-07-03 00:38:42
8432141,2026-06-19 11:56:01,Super 1,SYSTEM,alderaan vừa đánh quái may mắn nhận được 1 trang bị Set kích hoạt,alderaan,,,,Set kích hoạt,0,2026-07-03 00:38:42
8430690,2026-06-19 11:10:38,Super 1,SYSTEM,vuahp15 vừa đánh quái may mắn nhận được 1 trang bị Set kích hoạt,vuahp15,,,,Set kích hoạt,0,2026-07-03 00:38:42
8430011,2026-06-19 10:48:02,Super 1,SYSTEM,goku0j0 vừa đánh quái may mắn nhận được 1 trang bị Set kích hoạt Set Cađic M,goku0j0,,,,Set kích hoạt Set Cađic M,0,2026-07-03 00:38:42
8429023,2026-06-19 10:17:15,Super 1,SYSTEM,neotokyo vừa đánh quái may mắn nhận được 1 trang bị Set kích hoạt,neotokyo,,,,Set kích hoạt,0,2026-07-03 00:38:42
8427663,2026-06-19 09:33:13,Super 1,SYSTEM,hungdzsuper vừa đánh quái may mắn nhận được 1 trang bị Set kích hoạt,hungdzsuper,,,,Set kích hoạt,0,2026-07-03 00:38:42
8425252,2026-06-19 08:15:26,Super 1,SYSTEM,toilatewo vừa đánh quái may mắn nhận được 1 trang bị Set kích hoạt Set Thần Vũ Trụ Kaio,toilatewo,,,,Set kích hoạt Set Thần Vũ Trụ Kaio,0,2026-07-03 00:38:42
8424560,2026-06-19 07:52:01,Super 1,SYSTEM,goku0j0 vừa đánh quái may mắn nhận được 1 trang bị Set kích hoạt,goku0j0,,,,Set kích hoạt,0,2026-07-03 00:38:42
8424479,2026-06-19 07:48:49,Super 1,SYSTEM,[HT] hippo113 vừa đánh quái may mắn nhận được 1 trang bị Set kích hoạt Gohan,,,,,Set kích hoạt Gohan,0,2026-07-03 00:38:42
8423075,2026-06-19 07:03:37,Super 1,SYSTEM,crimsonpeak vừa đánh quái may mắn nhận được 1 trang bị Set kích hoạt,crimsonpeak,,,,Set kích hoạt,0,2026-07-03 00:38:42
8422940,2026-06-19 07:00:01,Super 1,SYSTEM,zoness vừa đánh quái may mắn nhận được 1 trang bị Set kích hoạt Set Thần Vũ Trụ Kaio,zoness,,,,Set kích hoạt Set Thần Vũ Trụ Kaio,0,2026-07-03 00:38:42
8420778,2026-06-19 05:48:12,Super 1,SYSTEM,dukich1 vừa đánh quái may mắn nhận được 1 trang bị Set kích hoạt,dukich1,,,,Set kích hoạt,0,2026-07-03 00:38:42
8420241,2026-06-19 05:24:36,Super 1,SYSTEM,quyzanh234x vừa đánh quái may mắn nhận được 1 trang bị Set kích hoạt,quyzanh234x,,,,Set kích hoạt,0,2026-07-03 00:38:42
8419951,2026-06-19 05:10:00,Super 1,SYSTEM,zoness vừa đánh quái may mắn nhận được 1 trang bị Set kích hoạt,zoness,,,,Set kích hoạt,0,2026-07-03 00:38:42
8417358,2026-06-19 02:44:07,Super 1,SYSTEM,dathomir vừa đánh quái may mắn nhận được 1 trang bị Set kích hoạt,dathomir,,,,Set kích hoạt,0,2026-07-03 00:38:42
8416977,2026-06-19 02:31:18,Super 1,SYSTEM,carotblack vừa đánh quái may mắn nhận được 1 trang bị Set kích hoạt,carotblack,,,,Set kích hoạt,0,2026-07-03 00:38:42
8414819,2026-06-19 01:22:53,Super 1,SYSTEM,sasuzanus vừa đánh quái may mắn nhận được 1 trang bị Set kích hoạt,sasuzanus,,,,Set kích hoạt,0,2026-07-03 00:38:42
8413849,2026-06-19 00:50:30,Super 1,SYSTEM,goku0j0 vừa đánh quái may mắn nhận được 1 trang bị Set kích hoạt,goku0j0,,,,Set kích hoạt,0,2026-07-03 00:38:42
8413684,2026-06-19 00:44:53,Super 1,SYSTEM,kyber vừa đánh quái may mắn nhận được 1 trang bị Set kích hoạt,kyber,,,,Set kích hoạt,0,2026-07-03 00:38:42
8413256,2026-06-19 00:32:28,Super 1,SYSTEM,vuahp15 vừa đánh quái may mắn nhận được 1 trang bị Set kích hoạt Set Cađic M,vuahp15,,,,Set kích hoạt Set Cađic M,0,2026-07-03 00:38:42
8412284,2026-06-19 00:04:29,Super 1,SYSTEM,plastic007 vừa đánh quái may mắn nhận được 1 trang bị Set kích hoạt,plastic007,,,,Set kích hoạt,0,2026-07-03 00:38:42
8412240,2026-06-19 00:03:05,Super 1,SYSTEM,troinang vừa đánh quái may mắn nhận được 1 trang bị Set kích hoạt,troinang,,,,Set kích hoạt,0,2026-07-03 00:38:42
8411333,2026-06-18 23:40:17,Super 1,SYSTEM,goku0j0 vừa đánh quái may mắn nhận được 1 trang bị Set kích hoạt,goku0j0,,,,Set kích hoạt,0,2026-07-03 00:38:42
8409512,2026-06-18 22:51:28,Super 1,SYSTEM,kakapote vừa đánh quái may mắn nhận được 1 trang bị Set kích hoạt,kakapote,,,,Set kích hoạt,0,2026-07-03 00:38:42
8408544,2026-06-18 22:23:04,Super 1,SYSTEM,[HT] hungxauzaj vừa đánh quái may mắn nhận được 1 trang bị Set kích hoạt Gohan,,,,,Set kích hoạt Gohan,0,2026-07-03 00:38:42
8406052,2026-06-18 21:11:26,Super 1,SYSTEM,carotblack vừa đánh quái may mắn nhận được 1 trang bị Set kích hoạt,carotblack,,,,Set kích hoạt,0,2026-07-03 00:38:42
8405239,2026-06-18 20:49:03,Super 1,SYSTEM,s1brolysuper vừa đánh quái may mắn nhận được 1 trang bị Set kích hoạt,s1brolysuper,,,,Set kích hoạt,0,2026-07-03 00:38:42
8404052,2026-06-18 20:14:51,Super 1,SYSTEM,naboo vừa đánh quái may mắn nhận được 1 trang bị Set kích hoạt Set Thần Vũ Trụ Kaio,naboo,,,,Set kích hoạt Set Thần Vũ Trụ Kaio,0,2026-07-03 00:38:42
8403959,2026-06-18 20:12:27,Super 1,SYSTEM,[HT] wrongtimes vừa đánh quái may mắn nhận được 1 trang bị Set kích hoạt Gohan,,,,,Set kích hoạt Gohan,0,2026-07-03 00:38:42
8402768,2026-06-18 19:41:38,Super 1,SYSTEM,redfinger vừa đánh quái may mắn nhận được 1 trang bị Set kích hoạt,redfinger,,,,Set kích hoạt,0,2026-07-03 00:38:42
8402232,2026-06-18 19:26:15,Super 1,SYSTEM,quyzanh234x vừa đánh quái may mắn nhận được 1 trang bị Set kích hoạt,quyzanh234x,,,,Set kích hoạt,0,2026-07-03 00:38:42
8401144,2026-06-18 18:51:25,Super 1,SYSTEM,kakapote vừa đánh quái may mắn nhận được 1 trang bị Set kích hoạt,kakapote,,,,Set kích hoạt,0,2026-07-03 00:38:42
8401048,2026-06-18 18:48:37,Super 1,SYSTEM,dathomir vừa đánh quái may mắn nhận được 1 trang bị Set kích hoạt Set Thần Vũ Trụ Kaio,dathomir,,,,Set kích hoạt Set Thần Vũ Trụ Kaio,0,2026-07-03 00:38:42
8400987,2026-06-18 18:46:13,Super 1,SYSTEM,neotokyo vừa đánh quái may mắn nhận được 1 trang bị Set kích hoạt,neotokyo,,,,Set kích hoạt,0,2026-07-03 00:38:42
8400964,2026-06-18 18:44:37,Super 1,SYSTEM,toilatewo vừa đánh quái may mắn nhận được 1 trang bị Set kích hoạt,toilatewo,,,,Set kích hoạt,0,2026-07-03 00:38:42
8400398,2026-06-18 18:27:25,Super 1,SYSTEM,iilovethaoo vừa đánh quái may mắn nhận được 1 trang bị Set kích hoạt Set Cađic M,iilovethaoo,,,,Set kích hoạt Set Cađic M,0,2026-07-03 00:38:42
8400326,2026-06-18 18:25:25,Super 1,SYSTEM,krays1kkr vừa đánh quái may mắn nhận được 1 trang bị Set kích hoạt,krays1kkr,,,,Set kích hoạt,0,2026-07-03 00:38:42
8399651,2026-06-18 18:04:49,Super 1,SYSTEM,s1brolysuper vừa đánh quái may mắn nhận được 1 trang bị Set kích hoạt,s1brolysuper,,,,Set kích hoạt,0,2026-07-03 00:38:42
8399185,2026-06-18 17:50:26,Super 1,SYSTEM,quyzanh234x vừa đánh quái may mắn nhận được 1 trang bị Set kích hoạt,quyzanh234x,,,,Set kích hoạt,0,2026-07-03 00:38:42
8397919,2026-06-18 17:08:48,Super 1,SYSTEM,goku0j0 vừa đánh quái may mắn nhận được 1 trang bị Set kích hoạt,goku0j0,,,,Set kích hoạt,0,2026-07-03 00:38:42
8397690,2026-06-18 17:01:01,Super 1,SYSTEM,naboo vừa đánh quái may mắn nhận được 1 trang bị Set kích hoạt Set Thần Vũ Trụ Kaio,naboo,,,,Set kích hoạt Set Thần Vũ Trụ Kaio,0,2026-07-03 00:38:42
8397407,2026-06-18 16:53:24,Super 1,SYSTEM,krays1kkr vừa đánh quái may mắn nhận được 1 trang bị Set kích hoạt,krays1kkr,,,,Set kích hoạt,0,2026-07-03 00:38:42
8397403,2026-06-18 16:53:12,Super 1,SYSTEM,lothal vừa đánh quái may mắn nhận được 1 trang bị Set kích hoạt Set Thần Vũ Trụ Kaio,lothal,,,,Set kích hoạt Set Thần Vũ Trụ Kaio,0,2026-07-03 00:38:42
8397395,2026-06-18 16:53:00,Super 1,SYSTEM,11ztewoz vừa đánh quái may mắn nhận được 1 trang bị Set kích hoạt,11ztewoz,,,,Set kích hoạt,0,2026-07-03 00:38:42
8397037,2026-06-18 16:42:47,Super 1,SYSTEM,toilatewo vừa đánh quái may mắn nhận được 1 trang bị Set kích hoạt,toilatewo,,,,Set kích hoạt,0,2026-07-03 00:38:42
8395882,2026-06-18 16:02:59,Super 1,SYSTEM,s1brolysuper vừa đánh quái may mắn nhận được 1 trang bị Set kích hoạt,s1brolysuper,,,,Set kích hoạt,0,2026-07-03 00:38:43
8395510,2026-06-18 15:49:48,Super 1,SYSTEM,[HT] remizplays vừa đánh quái may mắn nhận được 1 trang bị Set kích hoạt Gohan,,,,,Set kích hoạt Gohan,0,2026-07-03 00:38:43
8395290,2026-06-18 15:42:23,Super 1,SYSTEM,kakapote vừa đánh quái may mắn nhận được 1 trang bị Set kích hoạt,kakapote,,,,Set kích hoạt,0,2026-07-03 00:38:43
8394413,2026-06-18 15:12:10,Super 1,SYSTEM,dukich1 vừa đánh quái may mắn nhận được 1 trang bị Set kích hoạt,dukich1,,,,Set kích hoạt,0,2026-07-03 00:38:43
8394382,2026-06-18 15:11:00,Super 1,SYSTEM,quyzanh234x vừa đánh quái may mắn nhận được 1 trang bị Set kích hoạt Set Cađic M,quyzanh234x,,,,Set kích hoạt Set Cađic M,0,2026-07-03 00:38:43
8394293,2026-06-18 15:08:36,Super 1,SYSTEM,tachikoma vừa đánh quái may mắn nhận được 1 trang bị Set kích hoạt,tachikoma,,,,Set kích hoạt,0,2026-07-03 00:38:43
8394094,2026-06-18 15:01:47,Super 1,SYSTEM,herokakarot vừa đánh quái may mắn nhận được 1 trang bị Set kích hoạt,herokakarot,,,,Set kích hoạt,0,2026-07-03 00:38:43
8393948,2026-06-18 14:55:11,Super 1,SYSTEM,themyscira vừa đánh quái may mắn nhận được 1 trang bị Set kích hoạt,themyscira,,,,Set kích hoạt,0,2026-07-03 00:38:43
8393819,2026-06-18 14:51:22,Super 1,SYSTEM,thaytuxn vừa đánh quái may mắn nhận được 1 trang bị Set kích hoạt,thaytuxn,,,,Set kích hoạt,0,2026-07-03 00:38:43
8392903,2026-06-18 14:20:47,Super 1,SYSTEM,plastic007 vừa đánh quái may mắn nhận được 1 trang bị Set kích hoạt,plastic007,,,,Set kích hoạt,0,2026-07-03 00:38:43
8392381,2026-06-18 14:03:22,Super 1,SYSTEM,neotokyo vừa đánh quái may mắn nhận được 1 trang bị Set kích hoạt,neotokyo,,,,Set kích hoạt,0,2026-07-03 00:38:43
8392329,2026-06-18 14:01:34,Super 1,SYSTEM,s1brolysuper vừa đánh quái may mắn nhận được 1 trang bị Set kích hoạt,s1brolysuper,,,,Set kích hoạt,0,2026-07-03 00:38:43
8390942,2026-06-18 13:12:33,Super 1,SYSTEM,hungdzsuper vừa đánh quái may mắn nhận được 1 trang bị Set kích hoạt,hungdzsuper,,,,Set kích hoạt,0,2026-07-03 00:38:43
8390241,2026-06-18 12:50:09,Super 1,SYSTEM,goku0j0 vừa đánh quái may mắn nhận được 1 trang bị Set kích hoạt,goku0j0,,,,Set kích hoạt,0,2026-07-03 00:38:43
8389425,2026-06-18 12:26:32,Super 1,SYSTEM,vuahp15 vừa đánh quái may mắn nhận được 1 trang bị Set kích hoạt,vuahp15,,,,Set kích hoạt,0,2026-07-03 00:38:43
8388624,2026-06-18 12:03:56,Super 1,SYSTEM,dathomir vừa đánh quái may mắn nhận được 1 trang bị Set kích hoạt,dathomir,,,,Set kích hoạt,0,2026-07-03 00:38:43
8387851,2026-06-18 11:41:44,Super 1,SYSTEM,[HT] thuoclao36 vừa đánh quái may mắn nhận được 1 trang bị Set kích hoạt Gohan,,,,,Set kích hoạt Gohan,0,2026-07-03 00:38:43
8387832,2026-06-18 11:41:08,Super 1,SYSTEM,alderaan vừa đánh quái may mắn nhận được 1 trang bị Set kích hoạt,alderaan,,,,Set kích hoạt,0,2026-07-03 00:38:43
8387391,2026-06-18 11:27:09,Super 1,SYSTEM,kakapote vừa đánh quái may mắn nhận được 1 trang bị Set kích hoạt,kakapote,,,,Set kích hoạt,0,2026-07-03 00:38:43
8387037,2026-06-18 11:15:44,Super 1,SYSTEM,tunxinw vừa đánh quái may mắn nhận được 1 trang bị Set kích hoạt,tunxinw,,,,Set kích hoạt,0,2026-07-03 00:38:43
8386945,2026-06-18 11:13:19,Super 1,SYSTEM,hoanghme99 vừa đánh quái may mắn nhận được 1 trang bị Set kích hoạt,hoanghme99,,,,Set kích hoạt,0,2026-07-03 00:38:43
8386020,2026-06-18 10:44:51,Super 1,SYSTEM,vuahp15 vừa đánh quái may mắn nhận được 1 trang bị Set kích hoạt,vuahp15,,,,Set kích hoạt,0,2026-07-03 00:38:43
8383048,2026-06-18 09:12:26,Super 1,SYSTEM,goku0j0 vừa đánh quái may mắn nhận được 1 trang bị Set kích hoạt,goku0j0,,,,Set kích hoạt,0,2026-07-03 00:38:43
8381897,2026-06-18 08:36:37,Super 1,SYSTEM,hungdzsuper vừa đánh quái may mắn nhận được 1 trang bị Set kích hoạt Set Nail chiến binh Namếc,hungdzsuper,,,,Set kích hoạt Set Nail chiến binh Namếc,0,2026-07-03 00:38:43
8381422,2026-06-18 08:21:25,Super 1,SYSTEM,lothal vừa đánh quái may mắn nhận được 1 trang bị Set kích hoạt Set Thần Vũ Trụ Kaio,lothal,,,,Set kích hoạt Set Thần Vũ Trụ Kaio,0,2026-07-03 00:38:43
8381245,2026-06-18 08:16:13,Super 1,SYSTEM,onejust vừa đánh quái may mắn nhận được 1 trang bị Set kích hoạt,onejust,,,,Set kích hoạt,0,2026-07-03 00:38:43
8380987,2026-06-18 08:06:14,Super 1,SYSTEM,dathomir vừa đánh quái may mắn nhận được 1 trang bị Set kích hoạt,dathomir,,,,Set kích hoạt,0,2026-07-03 00:38:43
8380946,2026-06-18 08:05:14,Super 1,SYSTEM,neotokyo vừa đánh quái may mắn nhận được 1 trang bị Set kích hoạt,neotokyo,,,,Set kích hoạt,0,2026-07-03 00:38:43
8380850,2026-06-18 08:01:49,Super 1,SYSTEM,quyzanh234x vừa đánh quái may mắn nhận được 1 trang bị Set kích hoạt,quyzanh234x,,,,Set kích hoạt,0,2026-07-03 00:38:43
8380618,2026-06-18 07:55:13,Super 1,SYSTEM,themyscira vừa đánh quái may mắn nhận được 1 trang bị Set kích hoạt,themyscira,,,,Set kích hoạt,0,2026-07-03 00:38:43
8380050,2026-06-18 07:36:01,Super 1,SYSTEM,razorcrest vừa đánh quái may mắn nhận được 1 trang bị Set kích hoạt Set Thần Vũ Trụ Kaio,razorcrest,,,,Set kích hoạt Set Thần Vũ Trụ Kaio,0,2026-07-03 00:38:43
8379866,2026-06-18 07:29:24,Super 1,SYSTEM,tunxinw vừa đánh quái may mắn nhận được 1 trang bị Set kích hoạt,tunxinw,,,,Set kích hoạt,0,2026-07-03 00:38:43
8379383,2026-06-18 07:15:01,Super 1,SYSTEM,tortuga vừa đánh quái may mắn nhận được 1 trang bị Set kích hoạt,tortuga,,,,Set kích hoạt,0,2026-07-03 00:38:43
8379263,2026-06-18 07:11:49,Super 1,SYSTEM,chubodoi1 vừa đánh quái may mắn nhận được 1 trang bị Set kích hoạt,chubodoi1,,,,Set kích hoạt,0,2026-07-03 00:38:43
8379158,2026-06-18 07:07:36,Super 1,SYSTEM,onlymeinhere vừa đánh quái may mắn nhận được 1 trang bị Set kích hoạt,onlymeinhere,,,,Set kích hoạt,0,2026-07-03 00:38:43
8378919,2026-06-18 06:59:13,Super 1,SYSTEM,s1brolysuper vừa đánh quái may mắn nhận được 1 trang bị Set kích hoạt,s1brolysuper,,,,Set kích hoạt,0,2026-07-03 00:38:43
8378531,2026-06-18 06:44:36,Super 1,SYSTEM,tortuga vừa đánh quái may mắn nhận được 1 trang bị Set kích hoạt,tortuga,,,,Set kích hoạt,0,2026-07-03 00:38:43
8378182,2026-06-18 06:33:37,Super 1,SYSTEM,neotokyo vừa đánh quái may mắn nhận được 1 trang bị Set kích hoạt,neotokyo,,,,Set kích hoạt,0,2026-07-03 00:38:43
8378101,2026-06-18 06:31:37,Super 1,SYSTEM,vuahp15 vừa đánh quái may mắn nhận được 1 trang bị Set kích hoạt,vuahp15,,,,Set kích hoạt,0,2026-07-03 00:38:43
8377954,2026-06-18 06:26:12,Super 1,SYSTEM,toilatewo vừa đánh quái may mắn nhận được 1 trang bị Set kích hoạt,toilatewo,,,,Set kích hoạt,0,2026-07-03 00:38:43
8377909,2026-06-18 06:24:36,Super 1,SYSTEM,s1brolysuper vừa đánh quái may mắn nhận được 1 trang bị Set kích hoạt Set Cađic M,s1brolysuper,,,,Set kích hoạt Set Cađic M,0,2026-07-03 00:38:43
8377259,2026-06-18 06:02:48,Super 1,SYSTEM,hoanghme99 vừa đánh quái may mắn nhận được 1 trang bị Set kích hoạt Set Thần Vũ Trụ Kaio,hoanghme99,,,,Set kích hoạt Set Thần Vũ Trụ Kaio,0,2026-07-03 00:38:43
8376990,2026-06-18 05:55:36,Super 1,SYSTEM,plastic007 vừa đánh quái may mắn nhận được 1 trang bị Set kích hoạt Set Thần Vũ Trụ Kaio,plastic007,,,,Set kích hoạt Set Thần Vũ Trụ Kaio,0,2026-07-03 00:38:43
8376471,2026-06-18 05:34:48,Super 1,SYSTEM,razorcrest vừa đánh quái may mắn nhận được 1 trang bị Set kích hoạt,razorcrest,,,,Set kích hoạt,0,2026-07-03 00:38:43
8376330,2026-06-18 05:28:11,Super 1,SYSTEM,itomori vừa đánh quái may mắn nhận được 1 trang bị Set kích hoạt,itomori,,,,Set kích hoạt,0,2026-07-03 00:38:43
8376269,2026-06-18 05:25:37,Super 1,SYSTEM,tachikoma vừa đánh quái may mắn nhận được 1 trang bị Set kích hoạt Set Thần Vũ Trụ Kaio,tachikoma,,,,Set kích hoạt Set Thần Vũ Trụ Kaio,0,2026-07-03 00:38:43
8375652,2026-06-18 04:57:24,Super 1,SYSTEM,corvinus vừa đánh quái may mắn nhận được 1 trang bị Set kích hoạt Set Thần Vũ Trụ Kaio,corvinus,,,,Set kích hoạt Set Thần Vũ Trụ Kaio,0,2026-07-03 00:38:43
8375286,2026-06-18 04:44:11,Super 1,SYSTEM,cbronappano1 vừa đánh quái may mắn nhận được 1 trang bị Set kích hoạt Set Cađic M,cbronappano1,,,,Set kích hoạt Set Cađic M,0,2026-07-03 00:38:43
8375223,2026-06-18 04:40:35,Super 1,SYSTEM,11ztewoz vừa đánh quái may mắn nhận được 1 trang bị Set kích hoạt,11ztewoz,,,,Set kích hoạt,0,2026-07-03 00:38:43
8374069,2026-06-18 03:24:57,Super 1,SYSTEM,toilatewo vừa đánh quái may mắn nhận được 1 trang bị Set kích hoạt Set Thần Vũ Trụ Kaio,toilatewo,,,,Set kích hoạt Set Thần Vũ Trụ Kaio,0,2026-07-03 00:38:43
8373141,2026-06-18 02:46:09,Super 1,SYSTEM,salazar vừa đánh quái may mắn nhận được 1 trang bị Set kích hoạt,salazar,,,,Set kích hoạt,0,2026-07-03 00:38:44
8372478,2026-06-18 02:19:20,Super 1,SYSTEM,mrsuyy vừa đánh quái may mắn nhận được 1 trang bị Set kích hoạt,mrsuyy,,,,Set kích hoạt,0,2026-07-03 00:38:44
8372408,2026-06-18 02:16:32,Super 1,SYSTEM,tunxinw vừa đánh quái may mắn nhận được 1 trang bị Set kích hoạt,tunxinw,,,,Set kích hoạt,0,2026-07-03 00:38:44
8372230,2026-06-18 02:11:22,Super 1,SYSTEM,salazar vừa đánh quái may mắn nhận được 1 trang bị Set kích hoạt Set Thần Vũ Trụ Kaio,salazar,,,,Set kích hoạt Set Thần Vũ Trụ Kaio,0,2026-07-03 00:38:44
8371897,2026-06-18 01:57:44,Super 1,SYSTEM,crimsonpeak vừa đánh quái may mắn nhận được 1 trang bị Set kích hoạt,crimsonpeak,,,,Set kích hoạt,0,2026-07-03 00:38:44
8370863,2026-06-18 01:20:33,Super 1,SYSTEM,kyber vừa đánh quái may mắn nhận được 1 trang bị Set kích hoạt Set Thần Vũ Trụ Kaio,kyber,,,,Set kích hoạt Set Thần Vũ Trụ Kaio,0,2026-07-03 00:38:44
8370250,2026-06-18 01:01:09,Super 1,SYSTEM,satorugoku vừa đánh quái may mắn nhận được 1 trang bị Set kích hoạt Set Cađic M,satorugoku,,,,Set kích hoạt Set Cađic M,0,2026-07-03 00:38:44
8369932,2026-06-18 00:51:56,Super 1,SYSTEM,goku0j0 vừa đánh quái may mắn nhận được 1 trang bị Set kích hoạt,goku0j0,,,,Set kích hoạt,0,2026-07-03 00:38:44
8369428,2026-06-18 00:33:56,Super 1,SYSTEM,crimsonpeak vừa đánh quái may mắn nhận được 1 trang bị Set kích hoạt,crimsonpeak,,,,Set kích hoạt,0,2026-07-03 00:38:44
8369322,2026-06-18 00:30:44,Super 1,SYSTEM,zokinsp1 vừa đánh quái may mắn nhận được 1 trang bị Set kích hoạt,zokinsp1,,,,Set kích hoạt,0,2026-07-03 00:38:44
8368311,2026-06-18 00:02:43,Super 1,SYSTEM,toilatewo vừa đánh quái may mắn nhận được 1 trang bị Set kích hoạt Set Thần Vũ Trụ Kaio,toilatewo,,,,Set kích hoạt Set Thần Vũ Trụ Kaio,0,2026-07-03 00:38:44
8368259,2026-06-18 00:00:55,Super 1,SYSTEM,s1brolysuper vừa đánh quái may mắn nhận được 1 trang bị Set kích hoạt,s1brolysuper,,,,Set kích hoạt,0,2026-07-03 00:38:44
8368102,2026-06-17 23:57:19,Super 1,SYSTEM,hungdzsuper vừa đánh quái may mắn nhận được 1 trang bị Set kích hoạt Set Nail chiến binh Namếc,hungdzsuper,,,,Set kích hoạt Set Nail chiến binh Namếc,0,2026-07-03 00:38:44
8366938,2026-06-17 23:27:54,Super 1,SYSTEM,redfinger vừa đánh quái may mắn nhận được 1 trang bị Set kích hoạt Set Cađic M,redfinger,,,,Set kích hoạt Set Cađic M,0,2026-07-03 00:38:44
8366889,2026-06-17 23:26:56,Super 1,SYSTEM,naboo vừa đánh quái may mắn nhận được 1 trang bị Set kích hoạt,naboo,,,,Set kích hoạt,0,2026-07-03 00:38:44
8366371,2026-06-17 23:12:31,Super 1,SYSTEM,themyscira vừa đánh quái may mắn nhận được 1 trang bị Set kích hoạt,themyscira,,,,Set kích hoạt,0,2026-07-03 00:38:44
8366099,2026-06-17 23:07:18,Super 1,SYSTEM,gokushopeee vừa đánh quái may mắn nhận được 1 trang bị Set kích hoạt Set Cađic M,gokushopeee,,,,Set kích hoạt Set Cađic M,0,2026-07-03 00:38:44
8365974,2026-06-17 23:04:06,Super 1,SYSTEM,bachlien vừa đánh quái may mắn nhận được 1 trang bị Set kích hoạt,bachlien,,,,Set kích hoạt,0,2026-07-03 00:38:44
8365840,2026-06-17 23:00:55,Super 1,SYSTEM,[HT] medium vừa đánh quái may mắn nhận được 1 trang bị Set kích hoạt Gohan,,,,,Set kích hoạt Gohan,0,2026-07-03 00:38:44
8365123,2026-06-17 22:42:18,Super 1,SYSTEM,tieumeomeo vừa đánh quái may mắn nhận được 1 trang bị Set kích hoạt,tieumeomeo,,,,Set kích hoạt,0,2026-07-03 00:38:44
8365090,2026-06-17 22:41:42,Super 1,SYSTEM,11ztewoz vừa đánh quái may mắn nhận được 1 trang bị Set kích hoạt Set Thần Vũ Trụ Kaio,11ztewoz,,,,Set kích hoạt Set Thần Vũ Trụ Kaio,0,2026-07-03 00:38:44
8364878,2026-06-17 22:37:19,Super 1,SYSTEM,kakapote vừa đánh quái may mắn nhận được 1 trang bị Set kích hoạt,kakapote,,,,Set kích hoạt,0,2026-07-03 00:38:44
8363682,2026-06-17 22:05:42,Super 1,SYSTEM,lothal vừa đánh quái may mắn nhận được 1 trang bị Set kích hoạt,lothal,,,,Set kích hoạt,0,2026-07-03 00:38:44
8362522,2026-06-17 21:34:29,Super 1,SYSTEM,satorugoku vừa đánh quái may mắn nhận được 1 trang bị Set kích hoạt,satorugoku,,,,Set kích hoạt,0,2026-07-03 00:38:44
8362147,2026-06-17 21:24:18,Super 1,SYSTEM,chubodoi1 vừa đánh quái may mắn nhận được 1 trang bị Set kích hoạt,chubodoi1,,,,Set kích hoạt,0,2026-07-03 00:38:44
8361980,2026-06-17 21:19:18,Super 1,SYSTEM,[HT] godzenobia vừa đánh quái may mắn nhận được 1 trang bị Set kích hoạt Gohan,,,,,Set kích hoạt Gohan,0,2026-07-03 00:38:44
8361815,2026-06-17 21:13:17,Super 1,SYSTEM,naboo vừa đánh quái may mắn nhận được 1 trang bị Set kích hoạt Set Thần Vũ Trụ Kaio,naboo,,,,Set kích hoạt Set Thần Vũ Trụ Kaio,0,2026-07-03 00:38:44
8361390,2026-06-17 21:00:18,Super 1,SYSTEM,goku0j0 vừa đánh quái may mắn nhận được 1 trang bị Set kích hoạt,goku0j0,,,,Set kích hoạt,0,2026-07-03 00:38:44
8360887,2026-06-17 20:45:53,Super 1,SYSTEM,satorugoku vừa đánh quái may mắn nhận được 1 trang bị Set kích hoạt,satorugoku,,,,Set kích hoạt,0,2026-07-03 00:38:44
8360855,2026-06-17 20:45:05,Super 1,SYSTEM,kyber vừa đánh quái may mắn nhận được 1 trang bị Set kích hoạt,kyber,,,,Set kích hoạt,0,2026-07-03 00:38:44
8360844,2026-06-17 20:44:53,Super 1,SYSTEM,vuahp15 vừa đánh quái may mắn nhận được 1 trang bị Set kích hoạt,vuahp15,,,,Set kích hoạt,0,2026-07-03 00:38:44
8360712,2026-06-17 20:41:54,Super 1,SYSTEM,11ztewoz vừa đánh quái may mắn nhận được 1 trang bị Set kích hoạt,11ztewoz,,,,Set kích hoạt,0,2026-07-03 00:38:44
8360477,2026-06-17 20:36:42,Super 1,SYSTEM,s1brolysuper vừa đánh quái may mắn nhận được 1 trang bị Set kích hoạt Set Cađic M,s1brolysuper,,,,Set kích hoạt Set Cađic M,0,2026-07-03 00:38:44
8359919,2026-06-17 20:19:06,Super 1,SYSTEM,lothal vừa đánh quái may mắn nhận được 1 trang bị Set kích hoạt,lothal,,,,Set kích hoạt,0,2026-07-03 00:38:44
8359505,2026-06-17 20:07:17,Super 1,SYSTEM,corvinus vừa đánh quái may mắn nhận được 1 trang bị Set kích hoạt Set Thần Vũ Trụ Kaio,corvinus,,,,Set kích hoạt Set Thần Vũ Trụ Kaio,0,2026-07-03 00:38:44
8358757,2026-06-17 19:48:41,Super 1,SYSTEM,kyber vừa đánh quái may mắn nhận được 1 trang bị Set kích hoạt,kyber,,,,Set kích hoạt,0,2026-07-03 00:38:44
8358631,2026-06-17 19:46:05,Super 1,SYSTEM,troinang vừa đánh quái may mắn nhận được 1 trang bị Set kích hoạt,troinang,,,,Set kích hoạt,0,2026-07-03 00:38:44
8356060,2026-06-17 18:35:52,Super 1,SYSTEM,bachlien vừa đánh quái may mắn nhận được 1 trang bị Set kích hoạt Set Cađic M,bachlien,,,,Set kích hoạt Set Cađic M,0,2026-07-03 00:38:44
8355232,2026-06-17 18:13:55,Super 1,SYSTEM,s1brolysuper vừa đánh quái may mắn nhận được 1 trang bị Set kích hoạt,s1brolysuper,,,,Set kích hoạt,0,2026-07-03 00:38:44
8354919,2026-06-17 18:05:18,Super 1,SYSTEM,[HT] oxiii vừa đánh quái may mắn nhận được 1 trang bị Set kích hoạt Gohan,,,,,Set kích hoạt Gohan,0,2026-07-03 00:38:44
8354789,2026-06-17 18:00:29,Super 1,SYSTEM,vuahp15 vừa đánh quái may mắn nhận được 1 trang bị Set kích hoạt,vuahp15,,,,Set kích hoạt,0,2026-07-03 00:38:44
8353203,2026-06-17 17:15:41,Super 1,SYSTEM,goku0j0 vừa đánh quái may mắn nhận được 1 trang bị Set kích hoạt,goku0j0,,,,Set kích hoạt,0,2026-07-03 00:38:44
8352626,2026-06-17 16:58:30,Super 1,SYSTEM,11ztewoz vừa đánh quái may mắn nhận được 1 trang bị Set kích hoạt,11ztewoz,,,,Set kích hoạt,0,2026-07-03 00:38:44
8352038,2026-06-17 16:37:18,Super 1,SYSTEM,s1brolysuper vừa đánh quái may mắn nhận được 1 trang bị Set kích hoạt,s1brolysuper,,,,Set kích hoạt,0,2026-07-03 00:38:44
8351899,2026-06-17 16:33:06,Super 1,SYSTEM,b0dayc0n vừa đánh quái may mắn nhận được 1 trang bị Set kích hoạt,b0dayc0n,,,,Set kích hoạt,0,2026-07-03 00:38:44
8351784,2026-06-17 16:29:41,Super 1,SYSTEM,hoanghme99 vừa đánh quái may mắn nhận được 1 trang bị Set kích hoạt,hoanghme99,,,,Set kích hoạt,0,2026-07-03 00:38:44
8351602,2026-06-17 16:22:43,Super 1,SYSTEM,[HT] hanshos2 vừa đánh quái may mắn nhận được 1 trang bị Set kích hoạt Gohan,,,,,Set kích hoạt Gohan,0,2026-07-03 00:38:44
8347684,2026-06-17 14:09:56,Super 1,SYSTEM,bachlien vừa đánh quái may mắn nhận được 1 trang bị Set kích hoạt,bachlien,,,,Set kích hoạt,0,2026-07-03 00:38:44
8347243,2026-06-17 13:56:06,Super 1,SYSTEM,cbronappano1 vừa đánh quái may mắn nhận được 1 trang bị Set kích hoạt,cbronappano1,,,,Set kích hoạt,0,2026-07-03 00:38:44
8347170,2026-06-17 13:53:56,Super 1,SYSTEM,kakapote vừa đánh quái may mắn nhận được 1 trang bị Set kích hoạt,kakapote,,,,Set kích hoạt,0,2026-07-03 00:38:44
8346979,2026-06-17 13:47:32,Super 1,SYSTEM,hoangpzvm vừa đánh quái may mắn nhận được 1 trang bị Set kích hoạt,hoangpzvm,,,,Set kích hoạt,0,2026-07-03 00:38:45
8346904,2026-06-17 13:47:32,Super 1,SYSTEM,hoangpzvm vừa đánh quái may mắn nhận được 1 trang bị Set kích hoạt,hoangpzvm,,,,Set kích hoạt,0,2026-07-03 00:38:45
8346777,2026-06-17 13:44:07,Super 1,SYSTEM,s1brolysuper vừa đánh quái may mắn nhận được 1 trang bị Set kích hoạt,s1brolysuper,,,,Set kích hoạt,0,2026-07-03 00:38:45
8346489,2026-06-17 13:34:55,Super 1,SYSTEM,tortuga vừa đánh quái may mắn nhận được 1 trang bị Set kích hoạt,tortuga,,,,Set kích hoạt,0,2026-07-03 00:38:45
8345993,2026-06-17 13:18:43,Super 1,SYSTEM,onlymeinhere vừa đánh quái may mắn nhận được 1 trang bị Set kích hoạt Set Cađic M,onlymeinhere,,,,Set kích hoạt Set Cađic M,0,2026-07-03 00:38:45
8345944,2026-06-17 13:16:31,Super 1,SYSTEM,crimsonpeak vừa đánh quái may mắn nhận được 1 trang bị Set kích hoạt,crimsonpeak,,,,Set kích hoạt,0,2026-07-03 00:38:45
8345832,2026-06-17 13:13:07,Super 1,SYSTEM,emquenanhroi vừa đánh quái may mắn nhận được 1 trang bị Set kích hoạt,emquenanhroi,,,,Set kích hoạt,0,2026-07-03 00:38:45
8345747,2026-06-17 13:10:18,Super 1,SYSTEM,love4u vừa đánh quái may mắn nhận được 1 trang bị Set kích hoạt Set Cađic M,love4u,,,,Set kích hoạt Set Cađic M,0,2026-07-03 00:38:45
8345166,2026-06-17 12:53:43,Super 1,SYSTEM,sasuzanus vừa đánh quái may mắn nhận được 1 trang bị Set kích hoạt Set Thần Vũ Trụ Kaio,sasuzanus,,,,Set kích hoạt Set Thần Vũ Trụ Kaio,0,2026-07-03 00:38:45
8345077,2026-06-17 12:51:07,Super 1,SYSTEM,satorugoku vừa đánh quái may mắn nhận được 1 trang bị Set kích hoạt,satorugoku,,,,Set kích hoạt,0,2026-07-03 00:38:45
8345002,2026-06-17 12:48:31,Super 1,SYSTEM,kyber vừa đánh quái may mắn nhận được 1 trang bị Set kích hoạt,kyber,,,,Set kích hoạt,0,2026-07-03 00:38:45
8344449,2026-06-17 12:33:19,Super 1,SYSTEM,goku0j0 vừa đánh quái may mắn nhận được 1 trang bị Set kích hoạt Set Cađic M,goku0j0,,,,Set kích hoạt Set Cađic M,0,2026-07-03 00:38:45
8343352,2026-06-17 12:06:55,Super 1,SYSTEM,zoness vừa đánh quái may mắn nhận được 1 trang bị Set kích hoạt Set Thần Vũ Trụ Kaio,zoness,,,,Set kích hoạt Set Thần Vũ Trụ Kaio,0,2026-07-03 00:38:45
8342360,2026-06-17 11:35:30,Super 1,SYSTEM,goku0j0 vừa đánh quái may mắn nhận được 1 trang bị Set kích hoạt Set Cađic M,goku0j0,,,,Set kích hoạt Set Cađic M,0,2026-07-03 00:38:45
8342354,2026-06-17 11:35:18,Super 1,SYSTEM,chubodoi1 vừa đánh quái may mắn nhận được 1 trang bị Set kích hoạt,chubodoi1,,,,Set kích hoạt,0,2026-07-03 00:38:45
8341962,2026-06-17 11:23:07,Super 1,SYSTEM,lothal vừa đánh quái may mắn nhận được 1 trang bị Set kích hoạt,lothal,,,,Set kích hoạt,0,2026-07-03 00:38:45
8341886,2026-06-17 11:20:19,Super 1,SYSTEM,zoness vừa đánh quái may mắn nhận được 1 trang bị Set kích hoạt,zoness,,,,Set kích hoạt,0,2026-07-03 00:38:45
8341339,2026-06-17 11:03:56,Super 1,SYSTEM,hoangpzvm vừa đánh quái may mắn nhận được 1 trang bị Set kích hoạt Set Cađic M,hoangpzvm,,,,Set kích hoạt Set Cađic M,0,2026-07-03 00:38:45
8338657,2026-06-17 09:41:06,Super 1,SYSTEM,redfinger vừa đánh quái may mắn nhận được 1 trang bị Set kích hoạt,redfinger,,,,Set kích hoạt,0,2026-07-03 00:38:45
8338157,2026-06-17 09:23:31,Super 1,SYSTEM,alderaan vừa đánh quái may mắn nhận được 1 trang bị Set kích hoạt,alderaan,,,,Set kích hoạt,0,2026-07-03 00:38:45
8338130,2026-06-17 09:22:42,Super 1,SYSTEM,gokushopeee vừa đánh quái may mắn nhận được 1 trang bị Set kích hoạt,gokushopeee,,,,Set kích hoạt,0,2026-07-03 00:38:45
8338093,2026-06-17 09:21:42,Super 1,SYSTEM,hungdzsuper vừa đánh quái may mắn nhận được 1 trang bị Set kích hoạt,hungdzsuper,,,,Set kích hoạt,0,2026-07-03 00:38:45
8337887,2026-06-17 09:13:18,Super 1,SYSTEM,zoness vừa đánh quái may mắn nhận được 1 trang bị Set kích hoạt,zoness,,,,Set kích hoạt,0,2026-07-03 00:38:45
8337516,2026-06-17 09:01:18,Super 1,SYSTEM,carotblack vừa đánh quái may mắn nhận được 1 trang bị Set kích hoạt Set Thần Vũ Trụ Kaio,carotblack,,,,Set kích hoạt Set Thần Vũ Trụ Kaio,0,2026-07-03 00:38:45
8337185,2026-06-17 08:50:41,Super 1,SYSTEM,love4u vừa đánh quái may mắn nhận được 1 trang bị Set kích hoạt,love4u,,,,Set kích hoạt,0,2026-07-03 00:38:45
8336867,2026-06-17 08:40:54,Super 1,SYSTEM,krays1kkr vừa đánh quái may mắn nhận được 1 trang bị Set kích hoạt,krays1kkr,,,,Set kích hoạt,0,2026-07-03 00:38:45
8334872,2026-06-17 07:36:30,Super 1,SYSTEM,kyber vừa đánh quái may mắn nhận được 1 trang bị Set kích hoạt,kyber,,,,Set kích hoạt,0,2026-07-03 00:38:45
8334078,2026-06-17 07:15:40,Super 1,SYSTEM,itomori vừa đánh quái may mắn nhận được 1 trang bị Set kích hoạt Set Thần Vũ Trụ Kaio,itomori,,,,Set kích hoạt Set Thần Vũ Trụ Kaio,0,2026-07-03 00:38:45
8332997,2026-06-17 06:49:30,Super 1,SYSTEM,onlymeinhere vừa đánh quái may mắn nhận được 1 trang bị Set kích hoạt,onlymeinhere,,,,Set kích hoạt,0,2026-07-03 00:38:45
8332246,2026-06-17 06:28:28,Super 1,SYSTEM,cbronappano1 vừa đánh quái may mắn nhận được 1 trang bị Set kích hoạt Set Cađic M,cbronappano1,,,,Set kích hoạt Set Cađic M,0,2026-07-03 00:38:45
8332079,2026-06-17 06:23:05,Super 1,SYSTEM,plastic007 vừa đánh quái may mắn nhận được 1 trang bị Set kích hoạt,plastic007,,,,Set kích hoạt,0,2026-07-03 00:38:45
8331844,2026-06-17 06:17:53,Super 1,SYSTEM,[HT] iamat0mic vừa đánh quái may mắn nhận được 1 trang bị Set kích hoạt Gohan,,,,,Set kích hoạt Gohan,0,2026-07-03 00:38:45
8330925,2026-06-17 05:52:04,Super 1,SYSTEM,zoness vừa đánh quái may mắn nhận được 1 trang bị Set kích hoạt,zoness,,,,Set kích hoạt,0,2026-07-03 00:38:45
8330388,2026-06-17 05:33:05,Super 1,SYSTEM,s1brolysuper vừa đánh quái may mắn nhận được 1 trang bị Set kích hoạt,s1brolysuper,,,,Set kích hoạt,0,2026-07-03 00:38:45
8330054,2026-06-17 05:21:40,Super 1,SYSTEM,sasuzanus vừa đánh quái may mắn nhận được 1 trang bị Set kích hoạt,sasuzanus,,,,Set kích hoạt,0,2026-07-03 00:38:45
8329921,2026-06-17 05:16:29,Super 1,SYSTEM,naboo vừa đánh quái may mắn nhận được 1 trang bị Set kích hoạt,naboo,,,,Set kích hoạt,0,2026-07-03 00:38:45
8329895,2026-06-17 05:15:41,Super 1,SYSTEM,tunxinw vừa đánh quái may mắn nhận được 1 trang bị Set kích hoạt,tunxinw,,,,Set kích hoạt,0,2026-07-03 00:38:45
8329453,2026-06-17 05:00:52,Super 1,SYSTEM,11ztewoz vừa đánh quái may mắn nhận được 1 trang bị Set kích hoạt,11ztewoz,,,,Set kích hoạt,0,2026-07-03 00:38:45
8328957,2026-06-17 04:41:40,Super 1,SYSTEM,gokushopeee vừa đánh quái may mắn nhận được 1 trang bị Set kích hoạt,gokushopeee,,,,Set kích hoạt,0,2026-07-03 00:38:45
8328523,2026-06-17 04:26:16,Super 1,SYSTEM,tieumeomeo vừa đánh quái may mắn nhận được 1 trang bị Set kích hoạt,tieumeomeo,,,,Set kích hoạt,0,2026-07-03 00:38:45
8328320,2026-06-17 04:16:03,Super 1,SYSTEM,onlymeinhere vừa đánh quái may mắn nhận được 1 trang bị Set kích hoạt Set Cađic M,onlymeinhere,,,,Set kích hoạt Set Cađic M,0,2026-07-03 00:38:45
8328144,2026-06-17 04:09:41,Super 1,SYSTEM,lothal vừa đánh quái may mắn nhận được 1 trang bị Set kích hoạt,lothal,,,,Set kích hoạt,0,2026-07-03 00:38:45
8328117,2026-06-17 04:06:28,Super 1,SYSTEM,thaytuxn vừa đánh quái may mắn nhận được 1 trang bị Set kích hoạt,thaytuxn,,,,Set kích hoạt,0,2026-07-03 00:38:45
8326916,2026-06-17 02:54:53,Super 1,SYSTEM,tieumeomeo vừa đánh quái may mắn nhận được 1 trang bị Set kích hoạt,tieumeomeo,,,,Set kích hoạt,0,2026-07-03 00:38:45
8326839,2026-06-17 02:50:29,Super 1,SYSTEM,quyzanh234x vừa đánh quái may mắn nhận được 1 trang bị Set kích hoạt Set Cađic M,quyzanh234x,,,,Set kích hoạt Set Cađic M,0,2026-07-03 00:38:45
8326798,2026-06-17 02:49:05,Super 1,SYSTEM,tachikoma vừa đánh quái may mắn nhận được 1 trang bị Set kích hoạt,tachikoma,,,,Set kích hoạt,0,2026-07-03 00:38:45
8326372,2026-06-17 02:34:54,Super 1,SYSTEM,s1brolysuper vừa đánh quái may mắn nhận được 1 trang bị Set kích hoạt,s1brolysuper,,,,Set kích hoạt,0,2026-07-03 00:38:45
8326258,2026-06-17 02:30:53,Super 1,SYSTEM,herokok vừa đánh quái may mắn nhận được 1 trang bị Set kích hoạt Set Thần Vũ Trụ Kaio,herokok,,,,Set kích hoạt Set Thần Vũ Trụ Kaio,0,2026-07-03 00:38:45
8326238,2026-06-17 02:30:17,Super 1,SYSTEM,crimsonpeak vừa đánh quái may mắn nhận được 1 trang bị Set kích hoạt Set Thần Vũ Trụ Kaio,crimsonpeak,,,,Set kích hoạt Set Thần Vũ Trụ Kaio,0,2026-07-03 00:38:45
8326069,2026-06-17 02:26:05,Super 1,SYSTEM,onlymeinhere vừa đánh quái may mắn nhận được 1 trang bị Set kích hoạt Set Cađic M,onlymeinhere,,,,Set kích hoạt Set Cađic M,0,2026-07-03 00:38:45
8325800,2026-06-17 02:15:16,Super 1,SYSTEM,dathomir vừa đánh quái may mắn nhận được 1 trang bị Set kích hoạt,dathomir,,,,Set kích hoạt,0,2026-07-03 00:38:46
8325384,2026-06-17 02:03:28,Super 1,SYSTEM,goku0j0 vừa đánh quái may mắn nhận được 1 trang bị Set kích hoạt Set Cađic M,goku0j0,,,,Set kích hoạt Set Cađic M,0,2026-07-03 00:38:46
8325243,2026-06-17 01:58:40,Super 1,SYSTEM,love4u vừa đánh quái may mắn nhận được 1 trang bị Set kích hoạt Set Cađic M,love4u,,,,Set kích hoạt Set Cađic M,0,2026-07-03 00:38:46
8325171,2026-06-17 01:56:52,Super 1,SYSTEM,tieumeomeo vừa đánh quái may mắn nhận được 1 trang bị Set kích hoạt,tieumeomeo,,,,Set kích hoạt,0,2026-07-03 00:38:46
8324175,2026-06-17 01:23:41,Super 1,SYSTEM,11ztewoz vừa đánh quái may mắn nhận được 1 trang bị Set kích hoạt Set Thần Vũ Trụ Kaio,11ztewoz,,,,Set kích hoạt Set Thần Vũ Trụ Kaio,0,2026-07-03 00:38:46
8324088,2026-06-17 01:19:52,Super 1,SYSTEM,tieumeomeo vừa đánh quái may mắn nhận được 1 trang bị Set kích hoạt Set Nail chiến binh Namếc,tieumeomeo,,,,Set kích hoạt Set Nail chiến binh Namếc,0,2026-07-03 00:38:46
8323685,2026-06-17 01:03:15,Super 1,SYSTEM,zoness vừa đánh quái may mắn nhận được 1 trang bị Set kích hoạt,zoness,,,,Set kích hoạt,0,2026-07-03 00:38:46
8323316,2026-06-17 00:53:28,Super 1,SYSTEM,11ztewoz vừa đánh quái may mắn nhận được 1 trang bị Set kích hoạt,11ztewoz,,,,Set kích hoạt,0,2026-07-03 00:38:46
8322558,2026-06-17 00:30:04,Super 1,SYSTEM,eyeuxayda vừa đánh quái may mắn nhận được 1 trang bị Set kích hoạt Set Cađic M,eyeuxayda,,,,Set kích hoạt Set Cađic M,0,2026-07-03 00:38:46
8322123,2026-06-17 00:20:27,Super 1,SYSTEM,kakapote vừa đánh quái may mắn nhận được 1 trang bị Set kích hoạt,kakapote,,,,Set kích hoạt,0,2026-07-03 00:38:46
8321949,2026-06-17 00:16:27,Super 1,SYSTEM,quyzanh234x vừa đánh quái may mắn nhận được 1 trang bị Set kích hoạt,quyzanh234x,,,,Set kích hoạt,0,2026-07-03 00:38:46
8321763,2026-06-17 00:12:02,Super 1,SYSTEM,plastic007 vừa đánh quái may mắn nhận được 1 trang bị Set kích hoạt Set Thần Vũ Trụ Kaio,plastic007,,,,Set kích hoạt Set Thần Vũ Trụ Kaio,0,2026-07-03 00:38:46
8321601,2026-06-17 00:07:52,Super 1,SYSTEM,alderaan vừa đánh quái may mắn nhận được 1 trang bị Set kích hoạt,alderaan,,,,Set kích hoạt,0,2026-07-03 00:38:46
8320140,2026-06-16 23:30:50,Super 1,SYSTEM,quenmotnguoi vừa đánh quái may mắn nhận được 1 trang bị Set kích hoạt,quenmotnguoi,,,,Set kích hoạt,0,2026-07-03 00:38:46
8319544,2026-06-16 23:15:39,Super 1,SYSTEM,plastic007 vừa đánh quái may mắn nhận được 1 trang bị Set kích hoạt,plastic007,,,,Set kích hoạt,0,2026-07-03 00:38:46
8319353,2026-06-16 23:11:50,Super 1,SYSTEM,goku0j0 vừa đánh quái may mắn nhận được 1 trang bị Set kích hoạt,goku0j0,,,,Set kích hoạt,0,2026-07-03 00:38:46
8319240,2026-06-16 23:09:26,Super 1,SYSTEM,dathomir vừa đánh quái may mắn nhận được 1 trang bị Set kích hoạt Set Thần Vũ Trụ Kaio,dathomir,,,,Set kích hoạt Set Thần Vũ Trụ Kaio,0,2026-07-03 00:38:46
8318002,2026-06-16 22:36:49,Super 1,SYSTEM,tunxinw vừa đánh quái may mắn nhận được 1 trang bị Set kích hoạt,tunxinw,,,,Set kích hoạt,0,2026-07-03 00:38:46
8317152,2026-06-16 22:14:49,Super 1,SYSTEM,skhnmbip vừa đánh quái may mắn nhận được 1 trang bị Set kích hoạt,skhnmbip,,,,Set kích hoạt,0,2026-07-03 00:38:46
8317087,2026-06-16 22:13:37,Super 1,SYSTEM,gokushopeee vừa đánh quái may mắn nhận được 1 trang bị Set kích hoạt,gokushopeee,,,,Set kích hoạt,0,2026-07-03 00:38:46
8315926,2026-06-16 21:44:49,Super 1,SYSTEM,s1brolysuper vừa đánh quái may mắn nhận được 1 trang bị Set kích hoạt,s1brolysuper,,,,Set kích hoạt,0,2026-07-03 00:38:46
8315856,2026-06-16 21:43:38,Super 1,SYSTEM,kakapote vừa đánh quái may mắn nhận được 1 trang bị Set kích hoạt,kakapote,,,,Set kích hoạt,0,2026-07-03 00:38:46
8315295,2026-06-16 21:29:25,Super 1,SYSTEM,itomori vừa đánh quái may mắn nhận được 1 trang bị Set kích hoạt Set Thần Vũ Trụ Kaio,itomori,,,,Set kích hoạt Set Thần Vũ Trụ Kaio,0,2026-07-03 00:38:46
8314341,2026-06-16 21:01:48,Super 1,SYSTEM,11ztewoz vừa đánh quái may mắn nhận được 1 trang bị Set kích hoạt,11ztewoz,,,,Set kích hoạt,0,2026-07-03 00:38:46
8313603,2026-06-16 20:42:24,Super 1,SYSTEM,itomori vừa đánh quái may mắn nhận được 1 trang bị Set kích hoạt,itomori,,,,Set kích hoạt,0,2026-07-03 00:38:46
8313032,2026-06-16 20:27:37,Super 1,SYSTEM,mrsuyy vừa đánh quái may mắn nhận được 1 trang bị Set kích hoạt,mrsuyy,,,,Set kích hoạt,0,2026-07-03 00:38:46
8311005,2026-06-16 19:35:48,Super 1,SYSTEM,[HT] scarface vừa đánh quái may mắn nhận được 1 trang bị Set kích hoạt Gohan,,,,,Set kích hoạt Gohan,0,2026-07-03 00:38:46
8310661,2026-06-16 19:26:49,Super 1,SYSTEM,tunxinw vừa đánh quái may mắn nhận được 1 trang bị Set kích hoạt,tunxinw,,,,Set kích hoạt,0,2026-07-03 00:38:46
8310651,2026-06-16 19:26:37,Super 1,SYSTEM,salazar vừa đánh quái may mắn nhận được 1 trang bị Set kích hoạt,salazar,,,,Set kích hoạt,0,2026-07-03 00:38:46
8309781,2026-06-16 19:03:47,Super 1,SYSTEM,carotblack vừa đánh quái may mắn nhận được 1 trang bị Set kích hoạt Set Thần Vũ Trụ Kaio,carotblack,,,,Set kích hoạt Set Thần Vũ Trụ Kaio,0,2026-07-03 00:38:46
8309665,2026-06-16 19:00:01,Super 1,SYSTEM,neotokyo vừa đánh quái may mắn nhận được 1 trang bị Set kích hoạt,neotokyo,,,,Set kích hoạt,0,2026-07-03 00:38:46
8309655,2026-06-16 18:59:49,Super 1,SYSTEM,kakapote vừa đánh quái may mắn nhận được 1 trang bị Set kích hoạt,kakapote,,,,Set kích hoạt,0,2026-07-03 00:38:46
8309363,2026-06-16 18:52:24,Super 1,SYSTEM,tunxinw vừa đánh quái may mắn nhận được 1 trang bị Set kích hoạt,tunxinw,,,,Set kích hoạt,0,2026-07-03 00:38:46
8308956,2026-06-16 18:42:59,Super 1,SYSTEM,corvinus vừa đánh quái may mắn nhận được 1 trang bị Set kích hoạt,corvinus,,,,Set kích hoạt,0,2026-07-03 00:38:46
8308841,2026-06-16 18:39:49,Super 1,SYSTEM,goku0j0 vừa đánh quái may mắn nhận được 1 trang bị Set kích hoạt,goku0j0,,,,Set kích hoạt,0,2026-07-03 00:38:46
8308824,2026-06-16 18:39:25,Super 1,SYSTEM,bachlien vừa đánh quái may mắn nhận được 1 trang bị Set kích hoạt Set Cađic M,bachlien,,,,Set kích hoạt Set Cađic M,0,2026-07-03 00:38:46
8308240,2026-06-16 18:24:23,Super 1,SYSTEM,tieumeomeo vừa đánh quái may mắn nhận được 1 trang bị Set kích hoạt,tieumeomeo,,,,Set kích hoạt,0,2026-07-03 00:38:46
8308109,2026-06-16 18:20:35,Super 1,SYSTEM,[HT] topsuperrank vừa đánh quái may mắn nhận được 1 trang bị Set kích hoạt Gohan,,,,,Set kích hoạt Gohan,0,2026-07-03 00:38:46
8308085,2026-06-16 18:19:59,Super 1,SYSTEM,11ztewoz vừa đánh quái may mắn nhận được 1 trang bị Set kích hoạt,11ztewoz,,,,Set kích hoạt,0,2026-07-03 00:38:46
8307760,2026-06-16 18:11:48,Super 1,SYSTEM,toilatewo vừa đánh quái may mắn nhận được 1 trang bị Set kích hoạt,toilatewo,,,,Set kích hoạt,0,2026-07-03 00:38:46
8307377,2026-06-16 18:01:35,Super 1,SYSTEM,alderaan vừa đánh quái may mắn nhận được 1 trang bị Set kích hoạt,alderaan,,,,Set kích hoạt,0,2026-07-03 00:38:46
8307339,2026-06-16 18:00:47,Super 1,SYSTEM,bielhd02 vừa đánh quái may mắn nhận được 1 trang bị Set kích hoạt Set Thần Vũ Trụ Kaio,bielhd02,,,,Set kích hoạt Set Thần Vũ Trụ Kaio,0,2026-07-03 00:38:46
8305352,2026-06-16 17:09:58,Super 1,SYSTEM,thaytuxn vừa đánh quái may mắn nhận được 1 trang bị Set kích hoạt,thaytuxn,,,,Set kích hoạt,0,2026-07-03 00:38:46
8304762,2026-06-16 16:43:34,Super 1,SYSTEM,onlymeinhere vừa đánh quái may mắn nhận được 1 trang bị Set kích hoạt,onlymeinhere,,,,Set kích hoạt,0,2026-07-03 00:38:46
8302709,2026-06-16 15:45:22,Super 1,SYSTEM,zoness vừa đánh quái may mắn nhận được 1 trang bị Set kích hoạt,zoness,,,,Set kích hoạt,0,2026-07-03 00:38:46
8301629,2026-06-16 15:11:33,Super 1,SYSTEM,krays1kkr vừa đánh quái may mắn nhận được 1 trang bị Set kích hoạt,krays1kkr,,,,Set kích hoạt,0,2026-07-03 00:38:46
8300816,2026-06-16 14:41:10,Super 1,SYSTEM,goku0j0 vừa đánh quái may mắn nhận được 1 trang bị Set kích hoạt,goku0j0,,,,Set kích hoạt,0,2026-07-03 00:38:46
8300692,2026-06-16 14:38:46,Super 1,SYSTEM,[HT] friendyone vừa đánh quái may mắn nhận được 1 trang bị Set kích hoạt Gohan,,,,,Set kích hoạt Gohan,0,2026-07-03 00:38:46
8300495,2026-06-16 14:29:13,Super 1,SYSTEM,goku0j0 vừa đánh quái may mắn nhận được 1 trang bị Set kích hoạt,goku0j0,,,,Set kích hoạt,0,2026-07-03 00:38:46
8300322,2026-06-16 14:22:50,Super 1,SYSTEM,troinang vừa đánh quái may mắn nhận được 1 trang bị Set kích hoạt,troinang,,,,Set kích hoạt,0,2026-07-03 00:38:46
8299809,2026-06-16 14:06:13,Super 1,SYSTEM,itomori vừa đánh quái may mắn nhận được 1 trang bị Set kích hoạt,itomori,,,,Set kích hoạt,0,2026-07-03 00:38:47
8299442,2026-06-16 13:53:02,Super 1,SYSTEM,iilovethaoo vừa đánh quái may mắn nhận được 1 trang bị Set kích hoạt,iilovethaoo,,,,Set kích hoạt,0,2026-07-03 00:38:47
8299411,2026-06-16 13:52:25,Super 1,SYSTEM,mrsuyy vừa đánh quái may mắn nhận được 1 trang bị Set kích hoạt Set Nail chiến binh Namếc,mrsuyy,,,,Set kích hoạt Set Nail chiến binh Namếc,0,2026-07-03 00:38:47
8299079,2026-06-16 13:42:25,Super 1,SYSTEM,tunxinw vừa đánh quái may mắn nhận được 1 trang bị Set kích hoạt,tunxinw,,,,Set kích hoạt,0,2026-07-03 00:38:47
8298798,2026-06-16 13:37:12,Super 1,SYSTEM,themyscira vừa đánh quái may mắn nhận được 1 trang bị Set kích hoạt,themyscira,,,,Set kích hoạt,0,2026-07-03 00:38:47
8298056,2026-06-16 13:12:38,Super 1,SYSTEM,tachikoma vừa đánh quái may mắn nhận được 1 trang bị Set kích hoạt Set Thần Vũ Trụ Kaio,tachikoma,,,,Set kích hoạt Set Thần Vũ Trụ Kaio,0,2026-07-03 00:38:47
8297780,2026-06-16 13:03:49,Super 1,SYSTEM,toilatewo vừa đánh quái may mắn nhận được 1 trang bị Set kích hoạt Set Thần Vũ Trụ Kaio,toilatewo,,,,Set kích hoạt Set Thần Vũ Trụ Kaio,0,2026-07-03 00:38:47
8296793,2026-06-16 12:37:36,Super 1,SYSTEM,herokok vừa đánh quái may mắn nhận được 1 trang bị Set kích hoạt,herokok,,,,Set kích hoạt,0,2026-07-03 00:38:47
8296755,2026-06-16 12:37:00,Super 1,SYSTEM,bachlien vừa đánh quái may mắn nhận được 1 trang bị Set kích hoạt,bachlien,,,,Set kích hoạt,0,2026-07-03 00:38:47
8296590,2026-06-16 12:32:36,Super 1,SYSTEM,zokinsp1 vừa đánh quái may mắn nhận được 1 trang bị Set kích hoạt,zokinsp1,,,,Set kích hoạt,0,2026-07-03 00:38:47
8296449,2026-06-16 12:28:35,Super 1,SYSTEM,du0ngsama vừa đánh quái may mắn nhận được 1 trang bị Set kích hoạt Set Nail chiến binh Namếc,du0ngsama,,,,Set kích hoạt Set Nail chiến binh Namếc,0,2026-07-03 00:38:47
8295652,2026-06-16 12:10:23,Super 1,SYSTEM,toilatewo vừa đánh quái may mắn nhận được 1 trang bị Set kích hoạt,toilatewo,,,,Set kích hoạt,0,2026-07-03 00:38:47
8295491,2026-06-16 12:06:47,Super 1,SYSTEM,cbronappano1 vừa đánh quái may mắn nhận được 1 trang bị Set kích hoạt,cbronappano1,,,,Set kích hoạt,0,2026-07-03 00:38:47
8294323,2026-06-16 11:36:24,Super 1,SYSTEM,hoangpzvm vừa đánh quái may mắn nhận được 1 trang bị Set kích hoạt,hoangpzvm,,,,Set kích hoạt,0,2026-07-03 00:38:47
8292350,2026-06-16 10:39:43,Super 1,SYSTEM,du0ngsama vừa đánh quái may mắn nhận được 1 trang bị Set kích hoạt,du0ngsama,,,,Set kích hoạt,0,2026-07-03 00:38:47
8292220,2026-06-16 10:37:18,Super 1,SYSTEM,crimsonpeak vừa đánh quái may mắn nhận được 1 trang bị Set kích hoạt,crimsonpeak,,,,Set kích hoạt,0,2026-07-03 00:38:47
8289764,2026-06-16 09:27:35,Super 1,SYSTEM,kakapote vừa đánh quái may mắn nhận được 1 trang bị Set kích hoạt Set Cađic M,kakapote,,,,Set kích hoạt Set Cađic M,0,2026-07-03 00:38:47
8289048,2026-06-16 09:06:11,Super 1,SYSTEM,thaytuxn vừa đánh quái may mắn nhận được 1 trang bị Set kích hoạt,thaytuxn,,,,Set kích hoạt,0,2026-07-03 00:38:47
8289017,2026-06-16 09:05:11,Super 1,SYSTEM,troinang vừa đánh quái may mắn nhận được 1 trang bị Set kích hoạt,troinang,,,,Set kích hoạt,0,2026-07-03 00:38:47
8288505,2026-06-16 08:50:35,Super 1,SYSTEM,sasuzanus vừa đánh quái may mắn nhận được 1 trang bị Set kích hoạt Set Thần Vũ Trụ Kaio,sasuzanus,,,,Set kích hoạt Set Thần Vũ Trụ Kaio,0,2026-07-03 00:38:47
8287900,2026-06-16 08:33:00,Super 1,SYSTEM,11ztewoz vừa đánh quái may mắn nhận được 1 trang bị Set kích hoạt,11ztewoz,,,,Set kích hoạt,0,2026-07-03 00:38:47
8287705,2026-06-16 08:27:23,Super 1,SYSTEM,alderaan vừa đánh quái may mắn nhận được 1 trang bị Set kích hoạt,alderaan,,,,Set kích hoạt,0,2026-07-03 00:38:47
8287353,2026-06-16 08:16:10,Super 1,SYSTEM,iilovethaoo vừa đánh quái may mắn nhận được 1 trang bị Set kích hoạt,iilovethaoo,,,,Set kích hoạt,0,2026-07-03 00:38:47
8286986,2026-06-16 08:05:35,Super 1,SYSTEM,s1brolysuper vừa đánh quái may mắn nhận được 1 trang bị Set kích hoạt,s1brolysuper,,,,Set kích hoạt,0,2026-07-03 00:38:47
8286817,2026-06-16 07:59:11,Super 1,SYSTEM,itomori vừa đánh quái may mắn nhận được 1 trang bị Set kích hoạt,itomori,,,,Set kích hoạt,0,2026-07-03 00:38:47
8285770,2026-06-16 07:32:34,Super 1,SYSTEM,s1brolysuper vừa đánh quái may mắn nhận được 1 trang bị Set kích hoạt,s1brolysuper,,,,Set kích hoạt,0,2026-07-03 00:38:47
8285462,2026-06-16 07:24:47,Super 1,SYSTEM,[HT] proxyfox vừa đánh quái may mắn nhận được 1 trang bị Set kích hoạt Gohan,,,,,Set kích hoạt Gohan,0,2026-07-03 00:38:47
8285280,2026-06-16 07:20:11,Super 1,SYSTEM,zoness vừa đánh quái may mắn nhận được 1 trang bị Set kích hoạt Set Thần Vũ Trụ Kaio,zoness,,,,Set kích hoạt Set Thần Vũ Trụ Kaio,0,2026-07-03 00:38:47
8285190,2026-06-16 07:16:59,Super 1,SYSTEM,11ztewoz vừa đánh quái may mắn nhận được 1 trang bị Set kích hoạt,11ztewoz,,,,Set kích hoạt,0,2026-07-03 00:38:47
8285112,2026-06-16 07:14:46,Super 1,SYSTEM,kakapote vừa đánh quái may mắn nhận được 1 trang bị Set kích hoạt,kakapote,,,,Set kích hoạt,0,2026-07-03 00:38:47
8284943,2026-06-16 07:10:58,Super 1,SYSTEM,carotblack vừa đánh quái may mắn nhận được 1 trang bị Set kích hoạt,carotblack,,,,Set kích hoạt,0,2026-07-03 00:38:47
8284483,2026-06-16 07:00:11,Super 1,SYSTEM,itomori vừa đánh quái may mắn nhận được 1 trang bị Set kích hoạt Set Thần Vũ Trụ Kaio,itomori,,,,Set kích hoạt Set Thần Vũ Trụ Kaio,0,2026-07-03 00:38:47
8282698,2026-06-16 06:15:59,Super 1,SYSTEM,du0ngsama vừa đánh quái may mắn nhận được 1 trang bị Set kích hoạt,du0ngsama,,,,Set kích hoạt,0,2026-07-03 00:38:47
8282560,2026-06-16 06:12:10,Super 1,SYSTEM,dukich1 vừa đánh quái may mắn nhận được 1 trang bị Set kích hoạt Set Cađic M,dukich1,,,,Set kích hoạt Set Cađic M,0,2026-07-03 00:38:47
8281104,2026-06-16 05:26:34,Super 1,SYSTEM,11ztewoz vừa đánh quái may mắn nhận được 1 trang bị Set kích hoạt Set Thần Vũ Trụ Kaio,11ztewoz,,,,Set kích hoạt Set Thần Vũ Trụ Kaio,0,2026-07-03 00:38:47
8280563,2026-06-16 05:08:10,Super 1,SYSTEM,tieumeomeo vừa đánh quái may mắn nhận được 1 trang bị Set kích hoạt,tieumeomeo,,,,Set kích hoạt,0,2026-07-03 00:38:47
8280078,2026-06-16 04:48:44,Super 1,SYSTEM,redfinger vừa đánh quái may mắn nhận được 1 trang bị Set kích hoạt,redfinger,,,,Set kích hoạt,0,2026-07-03 00:38:47
8278092,2026-06-16 02:53:03,Super 1,SYSTEM,tachikoma vừa đánh quái may mắn nhận được 1 trang bị Set kích hoạt,tachikoma,,,,Set kích hoạt,0,2026-07-03 00:38:47
8277653,2026-06-16 02:33:37,Super 1,SYSTEM,du0ngsama vừa đánh quái may mắn nhận được 1 trang bị Set kích hoạt,du0ngsama,,,,Set kích hoạt,0,2026-07-03 00:38:47
8277408,2026-06-16 02:26:39,Super 1,SYSTEM,11ztewoz vừa đánh quái may mắn nhận được 1 trang bị Set kích hoạt,11ztewoz,,,,Set kích hoạt,0,2026-07-03 00:38:47
8277030,2026-06-16 02:12:25,Super 1,SYSTEM,troinang vừa đánh quái may mắn nhận được 1 trang bị Set kích hoạt Set Cađic M,troinang,,,,Set kích hoạt Set Cađic M,0,2026-07-03 00:38:48
8276852,2026-06-16 02:07:15,Super 1,SYSTEM,toilatewo vừa đánh quái may mắn nhận được 1 trang bị Set kích hoạt Set Thần Vũ Trụ Kaio,toilatewo,,,,Set kích hoạt Set Thần Vũ Trụ Kaio,0,2026-07-03 00:38:48
8276037,2026-06-16 01:41:14,Super 1,SYSTEM,tunxinw vừa đánh quái may mắn nhận được 1 trang bị Set kích hoạt,tunxinw,,,,Set kích hoạt,0,2026-07-03 00:38:48
8275462,2026-06-16 01:25:13,Super 1,SYSTEM,11ztewoz vừa đánh quái may mắn nhận được 1 trang bị Set kích hoạt,11ztewoz,,,,Set kích hoạt,0,2026-07-03 00:38:48
8275449,2026-06-16 01:24:01,Super 1,SYSTEM,plastic007 vừa đánh quái may mắn nhận được 1 trang bị Set kích hoạt Set Thần Vũ Trụ Kaio,plastic007,,,,Set kích hoạt Set Thần Vũ Trụ Kaio,0,2026-07-03 00:38:48
8275262,2026-06-16 01:16:50,Super 1,SYSTEM,zokinsp1 vừa đánh quái may mắn nhận được 1 trang bị Set kích hoạt,zokinsp1,,,,Set kích hoạt,0,2026-07-03 00:38:48
8274975,2026-06-16 01:07:01,Super 1,SYSTEM,s1brolysuper vừa đánh quái may mắn nhận được 1 trang bị Set kích hoạt,s1brolysuper,,,,Set kích hoạt,0,2026-07-03 00:38:48
8274411,2026-06-16 00:48:58,Super 1,SYSTEM,vuahp15 vừa đánh quái may mắn nhận được 1 trang bị Set kích hoạt,vuahp15,,,,Set kích hoạt,0,2026-07-03 00:38:48
8274139,2026-06-16 00:43:11,Super 1,SYSTEM,toilatewo vừa đánh quái may mắn nhận được 1 trang bị Set kích hoạt,toilatewo,,,,Set kích hoạt,0,2026-07-03 00:38:48
8273402,2026-06-16 00:24:45,Super 1,SYSTEM,herokok vừa đánh quái may mắn nhận được 1 trang bị Set kích hoạt,herokok,,,,Set kích hoạt,0,2026-07-03 00:38:48
8272985,2026-06-16 00:13:58,Super 1,SYSTEM,chubodoi1 vừa đánh quái may mắn nhận được 1 trang bị Set kích hoạt Set Cađic M,chubodoi1,,,,Set kích hoạt Set Cađic M,0,2026-07-03 00:38:48
8271937,2026-06-15 23:49:22,Super 1,SYSTEM,kakapote vừa đánh quái may mắn nhận được 1 trang bị Set kích hoạt,kakapote,,,,Set kích hoạt,0,2026-07-03 00:38:48
8271781,2026-06-15 23:44:46,Super 1,SYSTEM,salazar vừa đánh quái may mắn nhận được 1 trang bị Set kích hoạt,salazar,,,,Set kích hoạt,0,2026-07-03 00:38:48
8271747,2026-06-15 23:43:57,Super 1,SYSTEM,vuahp15 vừa đánh quái may mắn nhận được 1 trang bị Set kích hoạt,vuahp15,,,,Set kích hoạt,0,2026-07-03 00:38:48
8271282,2026-06-15 23:34:33,Super 1,SYSTEM,du0ngsama vừa đánh quái may mắn nhận được 1 trang bị Set kích hoạt,du0ngsama,,,,Set kích hoạt,0,2026-07-03 00:38:48
8270353,2026-06-15 23:14:21,Super 1,SYSTEM,11ztewoz vừa đánh quái may mắn nhận được 1 trang bị Set kích hoạt Set Thần Vũ Trụ Kaio,11ztewoz,,,,Set kích hoạt Set Thần Vũ Trụ Kaio,0,2026-07-03 00:38:48
8270265,2026-06-15 23:12:08,Super 1,SYSTEM,herokok vừa đánh quái may mắn nhận được 1 trang bị Set kích hoạt,herokok,,,,Set kích hoạt,0,2026-07-03 00:38:48
8270060,2026-06-15 23:07:58,Super 1,SYSTEM,vuahp15 vừa đánh quái may mắn nhận được 1 trang bị Set kích hoạt,vuahp15,,,,Set kích hoạt,0,2026-07-03 00:38:48
8269379,2026-06-15 22:53:33,Super 1,SYSTEM,dukich1 vừa đánh quái may mắn nhận được 1 trang bị Set kích hoạt,dukich1,,,,Set kích hoạt,0,2026-07-03 00:38:48
8268836,2026-06-15 22:41:58,Super 1,SYSTEM,razorcrest vừa đánh quái may mắn nhận được 1 trang bị Set kích hoạt,razorcrest,,,,Set kích hoạt,0,2026-07-03 00:38:48
8268569,2026-06-15 22:36:57,Super 1,SYSTEM,mrsuyy vừa đánh quái may mắn nhận được 1 trang bị Set kích hoạt,mrsuyy,,,,Set kích hoạt,0,2026-07-03 00:38:48
8268335,2026-06-15 22:32:09,Super 1,SYSTEM,vuahp15 vừa đánh quái may mắn nhận được 1 trang bị Set kích hoạt,vuahp15,,,,Set kích hoạt,0,2026-07-03 00:38:48
8267887,2026-06-15 22:23:44,Super 1,SYSTEM,zoness vừa đánh quái may mắn nhận được 1 trang bị Set kích hoạt,zoness,,,,Set kích hoạt,0,2026-07-03 00:38:48
8267644,2026-06-15 22:18:57,Super 1,SYSTEM,dukich1 vừa đánh quái may mắn nhận được 1 trang bị Set kích hoạt Set Cađic M,dukich1,,,,Set kích hoạt Set Cađic M,0,2026-07-03 00:38:48
8267487,2026-06-15 22:15:09,Super 1,SYSTEM,toilatewo vừa đánh quái may mắn nhận được 1 trang bị Set kích hoạt,toilatewo,,,,Set kích hoạt,0,2026-07-03 00:38:48
8267118,2026-06-15 22:08:33,Super 1,SYSTEM,11ztewoz vừa đánh quái may mắn nhận được 1 trang bị Set kích hoạt,11ztewoz,,,,Set kích hoạt,0,2026-07-03 00:38:48
8266870,2026-06-15 22:04:20,Super 1,SYSTEM,lightwang vừa đánh quái may mắn nhận được 1 trang bị Set kích hoạt,lightwang,,,,Set kích hoạt,0,2026-07-03 00:38:48
8266132,2026-06-15 21:50:45,Super 1,SYSTEM,[HT] iidesu vừa đánh quái may mắn nhận được 1 trang bị Set kích hoạt Gohan,,,,,Set kích hoạt Gohan,0,2026-07-03 00:38:48
8265948,2026-06-15 21:46:33,Super 1,SYSTEM,kyber vừa đánh quái may mắn nhận được 1 trang bị Set kích hoạt,kyber,,,,Set kích hoạt,0,2026-07-03 00:38:48
8265076,2026-06-15 21:28:57,Super 1,SYSTEM,hungdzsuper vừa đánh quái may mắn nhận được 1 trang bị Set kích hoạt,hungdzsuper,,,,Set kích hoạt,0,2026-07-03 00:38:48
8265044,2026-06-15 21:28:21,Super 1,SYSTEM,s1brolysuper vừa đánh quái may mắn nhận được 1 trang bị Set kích hoạt,s1brolysuper,,,,Set kích hoạt,0,2026-07-03 00:38:48
8264934,2026-06-15 21:26:21,Super 1,SYSTEM,themyscira vừa đánh quái may mắn nhận được 1 trang bị Set kích hoạt,themyscira,,,,Set kích hoạt,0,2026-07-03 00:38:48
8263336,2026-06-15 20:57:08,Super 1,SYSTEM,s1brolysuper vừa đánh quái may mắn nhận được 1 trang bị Set kích hoạt Set Cađic M,s1brolysuper,,,,Set kích hoạt Set Cađic M,0,2026-07-03 00:38:48
8262815,2026-06-15 20:46:55,Super 1,SYSTEM,vuahp15 vừa đánh quái may mắn nhận được 1 trang bị Set kích hoạt Set Cađic M,vuahp15,,,,Set kích hoạt Set Cađic M,0,2026-07-03 00:38:48
8262277,2026-06-15 20:35:32,Super 1,SYSTEM,troinang vừa đánh quái may mắn nhận được 1 trang bị Set kích hoạt,troinang,,,,Set kích hoạt,0,2026-07-03 00:38:48
8261138,2026-06-15 20:14:32,Super 1,SYSTEM,naboo vừa đánh quái may mắn nhận được 1 trang bị Set kích hoạt Set Thần Vũ Trụ Kaio,naboo,,,,Set kích hoạt Set Thần Vũ Trụ Kaio,0,2026-07-03 00:38:48
8261119,2026-06-15 20:14:08,Super 1,SYSTEM,ciubetis vừa đánh quái may mắn nhận được 1 trang bị Set kích hoạt,ciubetis,,,,Set kích hoạt,0,2026-07-03 00:38:48
8260709,2026-06-15 20:05:32,Super 1,SYSTEM,11ztewoz vừa đánh quái may mắn nhận được 1 trang bị Set kích hoạt,11ztewoz,,,,Set kích hoạt,0,2026-07-03 00:38:48
8257998,2026-06-15 19:19:55,Super 1,SYSTEM,zoniefen vừa đánh quái may mắn nhận được 1 trang bị Set kích hoạt Set Thần Vũ Trụ Kaio,zoniefen,,,,Set kích hoạt Set Thần Vũ Trụ Kaio,0,2026-07-03 00:38:48
8257170,2026-06-15 19:07:56,Super 1,SYSTEM,lothal vừa đánh quái may mắn nhận được 1 trang bị Set kích hoạt,lothal,,,,Set kích hoạt,0,2026-07-03 00:38:48
8257033,2026-06-15 19:05:31,Super 1,SYSTEM,vuahp15 vừa đánh quái may mắn nhận được 1 trang bị Set kích hoạt,vuahp15,,,,Set kích hoạt,0,2026-07-03 00:38:48
8254547,2026-06-15 17:32:03,Super 1,SYSTEM,razorcrest vừa đánh quái may mắn nhận được 1 trang bị Set kích hoạt,razorcrest,,,,Set kích hoạt,0,2026-07-03 00:38:48
8254313,2026-06-15 17:25:40,Super 1,SYSTEM,itomori vừa đánh quái may mắn nhận được 1 trang bị Set kích hoạt Set Thần Vũ Trụ Kaio,itomori,,,,Set kích hoạt Set Thần Vũ Trụ Kaio,0,2026-07-03 00:38:48
8254248,2026-06-15 17:24:15,Super 1,SYSTEM,kakapote vừa đánh quái may mắn nhận được 1 trang bị Set kích hoạt,kakapote,,,,Set kích hoạt,0,2026-07-03 00:38:48
8247126,2026-06-15 14:04:02,Super 1,SYSTEM,corvinus vừa đánh quái may mắn nhận được 1 trang bị Set kích hoạt,corvinus,,,,Set kích hoạt,0,2026-07-03 00:38:48
8246644,2026-06-15 13:49:02,Super 1,SYSTEM,cbronappano1 vừa đánh quái may mắn nhận được 1 trang bị Set kích hoạt,cbronappano1,,,,Set kích hoạt,0,2026-07-03 00:38:48
8245676,2026-06-15 13:20:26,Super 1,SYSTEM,naboo vừa đánh quái may mắn nhận được 1 trang bị Set kích hoạt Set Thần Vũ Trụ Kaio,naboo,,,,Set kích hoạt Set Thần Vũ Trụ Kaio,0,2026-07-03 00:38:48
8240453,2026-06-15 11:08:37,Super 1,SYSTEM,hungdzsuper vừa đánh quái may mắn nhận được 1 trang bị Set kích hoạt,hungdzsuper,,,,Set kích hoạt,0,2026-07-03 00:38:48
8239907,2026-06-15 10:52:37,Super 1,SYSTEM,tachikoma vừa đánh quái may mắn nhận được 1 trang bị Set kích hoạt,tachikoma,,,,Set kích hoạt,0,2026-07-03 00:38:48
8238478,2026-06-15 10:13:50,Super 1,SYSTEM,naboo vừa đánh quái may mắn nhận được 1 trang bị Set kích hoạt Set Thần Vũ Trụ Kaio,naboo,,,,Set kích hoạt Set Thần Vũ Trụ Kaio,0,2026-07-03 00:38:48
8237133,2026-06-15 09:33:26,Super 1,SYSTEM,bielhd02 vừa đánh quái may mắn nhận được 1 trang bị Set kích hoạt,bielhd02,,,,Set kích hoạt,0,2026-07-03 00:38:49
8236466,2026-06-15 09:13:38,Super 1,SYSTEM,onlymeinhere vừa đánh quái may mắn nhận được 1 trang bị Set kích hoạt,onlymeinhere,,,,Set kích hoạt,0,2026-07-03 00:38:49
8236115,2026-06-15 09:01:13,Super 1,SYSTEM,troinang vừa đánh quái may mắn nhận được 1 trang bị Set kích hoạt,troinang,,,,Set kích hoạt,0,2026-07-03 00:38:49
8235611,2026-06-15 08:45:50,Super 1,SYSTEM,bielhd02 vừa đánh quái may mắn nhận được 1 trang bị Set kích hoạt,bielhd02,,,,Set kích hoạt,0,2026-07-03 00:38:49
8235383,2026-06-15 08:39:01,Super 1,SYSTEM,vuahp15 vừa đánh quái may mắn nhận được 1 trang bị Set kích hoạt,vuahp15,,,,Set kích hoạt,0,2026-07-03 00:38:49
8235122,2026-06-15 08:30:00,Super 1,SYSTEM,du0ngsama vừa đánh quái may mắn nhận được 1 trang bị Set kích hoạt,du0ngsama,,,,Set kích hoạt,0,2026-07-03 00:38:49
8232902,2026-06-15 07:22:48,Super 1,SYSTEM,vuahp15 vừa đánh quái may mắn nhận được 1 trang bị Set kích hoạt Set Cađic M,vuahp15,,,,Set kích hoạt Set Cađic M,0,2026-07-03 00:38:49
8230580,2026-06-15 06:11:37,Super 1,SYSTEM,[HT] hungxauzaj vừa đánh quái may mắn nhận được 1 trang bị Set kích hoạt Gohan,,,,,Set kích hoạt Gohan,0,2026-07-03 00:38:49
8230024,2026-06-15 05:55:47,Super 1,SYSTEM,redfinger vừa đánh quái may mắn nhận được 1 trang bị Set kích hoạt Set Cađic M,redfinger,,,,Set kích hoạt Set Cađic M,0,2026-07-03 00:38:49
8229276,2026-06-15 05:28:11,Super 1,SYSTEM,zokinsp1 vừa đánh quái may mắn nhận được 1 trang bị Set kích hoạt,zokinsp1,,,,Set kích hoạt,0,2026-07-03 00:38:49
8228616,2026-06-15 05:03:36,Super 1,SYSTEM,onlymeinhere vừa đánh quái may mắn nhận được 1 trang bị Set kích hoạt,onlymeinhere,,,,Set kích hoạt,0,2026-07-03 00:38:49
8226363,2026-06-15 03:02:25,Super 1,SYSTEM,themyscira vừa đánh quái may mắn nhận được 1 trang bị Set kích hoạt,themyscira,,,,Set kích hoạt,0,2026-07-03 00:38:49
8226325,2026-06-15 03:00:27,Super 1,SYSTEM,vuahp15 vừa đánh quái may mắn nhận được 1 trang bị Set kích hoạt,vuahp15,,,,Set kích hoạt,0,2026-07-03 00:38:49
8226267,2026-06-15 02:58:02,Super 1,SYSTEM,iilovethaoo vừa đánh quái may mắn nhận được 1 trang bị Set kích hoạt,iilovethaoo,,,,Set kích hoạt,0,2026-07-03 00:38:49
8225760,2026-06-15 02:40:39,Super 1,SYSTEM,alderaan vừa đánh quái may mắn nhận được 1 trang bị Set kích hoạt,alderaan,,,,Set kích hoạt,0,2026-07-03 00:38:49
8225691,2026-06-15 02:37:26,Super 1,SYSTEM,bielhd02 vừa đánh quái may mắn nhận được 1 trang bị Set kích hoạt,bielhd02,,,,Set kích hoạt,0,2026-07-03 00:38:49
8223654,2026-06-15 01:22:01,Super 1,SYSTEM,plastic007 vừa đánh quái may mắn nhận được 1 trang bị Set kích hoạt,plastic007,,,,Set kích hoạt,0,2026-07-03 00:38:49
8222670,2026-06-15 00:46:12,Super 1,SYSTEM,vuahp15 vừa đánh quái may mắn nhận được 1 trang bị Set kích hoạt,vuahp15,,,,Set kích hoạt,0,2026-07-03 00:38:49
8222614,2026-06-15 00:46:12,Super 1,SYSTEM,vuahp15 vừa đánh quái may mắn nhận được 1 trang bị Set kích hoạt,vuahp15,,,,Set kích hoạt,0,2026-07-03 00:38:49
8221191,2026-06-14 23:59:11,Super 1,SYSTEM,thaytuxn vừa đánh quái may mắn nhận được 1 trang bị Set kích hoạt,thaytuxn,,,,Set kích hoạt,0,2026-07-03 00:38:49
8220963,2026-06-14 23:52:35,Super 1,SYSTEM,s1brolysuper vừa đánh quái may mắn nhận được 1 trang bị Set kích hoạt,s1brolysuper,,,,Set kích hoạt,0,2026-07-03 00:38:49
8220421,2026-06-14 23:33:59,Super 1,SYSTEM,bachlien vừa đánh quái may mắn nhận được 1 trang bị Set kích hoạt Set Cađic M,bachlien,,,,Set kích hoạt Set Cađic M,0,2026-07-03 00:38:49
8220236,2026-06-14 23:26:46,Super 1,SYSTEM,onejust vừa đánh quái may mắn nhận được 1 trang bị Set kích hoạt,onejust,,,,Set kích hoạt,0,2026-07-03 00:38:49
8219833,2026-06-14 23:13:11,Super 1,SYSTEM,zoness vừa đánh quái may mắn nhận được 1 trang bị Set kích hoạt,zoness,,,,Set kích hoạt,0,2026-07-03 00:38:49
8219353,2026-06-14 22:58:59,Super 1,SYSTEM,mrsuyy vừa đánh quái may mắn nhận được 1 trang bị Set kích hoạt Set Nail chiến binh Namếc,mrsuyy,,,,Set kích hoạt Set Nail chiến binh Namếc,0,2026-07-03 00:38:49
8219007,2026-06-14 22:47:10,Super 1,SYSTEM,dukich1 vừa đánh quái may mắn nhận được 1 trang bị Set kích hoạt,dukich1,,,,Set kích hoạt,0,2026-07-03 00:38:49
8218972,2026-06-14 22:45:58,Super 1,SYSTEM,tachikoma vừa đánh quái may mắn nhận được 1 trang bị Set kích hoạt,tachikoma,,,,Set kích hoạt,0,2026-07-03 00:38:49
8218075,2026-06-14 22:18:22,Super 1,SYSTEM,corvinus vừa đánh quái may mắn nhận được 1 trang bị Set kích hoạt,corvinus,,,,Set kích hoạt,0,2026-07-03 00:38:49
8216873,2026-06-14 21:43:22,Super 1,SYSTEM,[HT] kingnamek99 vừa đánh quái may mắn nhận được 1 trang bị Set kích hoạt Gohan,,,,,Set kích hoạt Gohan,0,2026-07-03 00:38:49
8216858,2026-06-14 21:42:58,Super 1,SYSTEM,razorcrest vừa đánh quái may mắn nhận được 1 trang bị Set kích hoạt,razorcrest,,,,Set kích hoạt,0,2026-07-03 00:38:49
8214898,2026-06-14 21:02:57,Super 1,SYSTEM,salazar vừa đánh quái may mắn nhận được 1 trang bị Set kích hoạt,salazar,,,,Set kích hoạt,0,2026-07-03 00:38:49
8214728,2026-06-14 21:02:57,Super 1,SYSTEM,salazar vừa đánh quái may mắn nhận được 1 trang bị Set kích hoạt,salazar,,,,Set kích hoạt,0,2026-07-03 00:38:49
8214568,2026-06-14 21:02:57,Super 1,SYSTEM,salazar vừa đánh quái may mắn nhận được 1 trang bị Set kích hoạt,salazar,,,,Set kích hoạt,0,2026-07-03 00:38:49
8214394,2026-06-14 21:02:57,Super 1,SYSTEM,salazar vừa đánh quái may mắn nhận được 1 trang bị Set kích hoạt,salazar,,,,Set kích hoạt,0,2026-07-03 00:38:49
8214217,2026-06-14 21:02:57,Super 1,SYSTEM,salazar vừa đánh quái may mắn nhận được 1 trang bị Set kích hoạt,salazar,,,,Set kích hoạt,0,2026-07-03 00:38:49
8211661,2026-06-14 20:40:44,Super 1,SYSTEM,cbronappano1 vừa đánh quái may mắn nhận được 1 trang bị Set kích hoạt,cbronappano1,,,,Set kích hoạt,0,2026-07-03 00:38:49
8211490,2026-06-14 20:40:44,Super 1,SYSTEM,cbronappano1 vừa đánh quái may mắn nhận được 1 trang bị Set kích hoạt,cbronappano1,,,,Set kích hoạt,0,2026-07-03 00:38:49
8211320,2026-06-14 20:40:44,Super 1,SYSTEM,cbronappano1 vừa đánh quái may mắn nhận được 1 trang bị Set kích hoạt,cbronappano1,,,,Set kích hoạt,0,2026-07-03 00:38:49
8211150,2026-06-14 20:40:44,Super 1,SYSTEM,cbronappano1 vừa đánh quái may mắn nhận được 1 trang bị Set kích hoạt,cbronappano1,,,,Set kích hoạt,0,2026-07-03 00:38:49
8210993,2026-06-14 20:40:44,Super 1,SYSTEM,cbronappano1 vừa đánh quái may mắn nhận được 1 trang bị Set kích hoạt,cbronappano1,,,,Set kích hoạt,0,2026-07-03 00:38:49
8208850,2026-06-14 20:07:56,Super 1,SYSTEM,zoniefen vừa đánh quái may mắn nhận được 1 trang bị Set kích hoạt,zoniefen,,,,Set kích hoạt,0,2026-07-03 00:38:49
8207878,2026-06-14 19:38:21,Super 1,SYSTEM,tachikoma vừa đánh quái may mắn nhận được 1 trang bị Set kích hoạt,tachikoma,,,,Set kích hoạt,0,2026-07-03 00:38:49
8207773,2026-06-14 19:35:20,Super 1,SYSTEM,onlymeinhere vừa đánh quái may mắn nhận được 1 trang bị Set kích hoạt,onlymeinhere,,,,Set kích hoạt,0,2026-07-03 00:38:49
8207480,2026-06-14 19:27:19,Super 1,SYSTEM,mountain1 vừa đánh quái may mắn nhận được 1 trang bị Set kích hoạt Set Thần Vũ Trụ Kaio,mountain1,,,,Set kích hoạt Set Thần Vũ Trụ Kaio,0,2026-07-03 00:38:49
8207455,2026-06-14 19:26:43,Super 1,SYSTEM,zoness vừa đánh quái may mắn nhận được 1 trang bị Set kích hoạt,zoness,,,,Set kích hoạt,0,2026-07-03 00:38:49
8207216,2026-06-14 19:20:19,Super 1,SYSTEM,alderaan vừa đánh quái may mắn nhận được 1 trang bị Set kích hoạt,alderaan,,,,Set kích hoạt,0,2026-07-03 00:38:49
8206064,2026-06-14 18:46:56,Super 1,SYSTEM,vuahp15 vừa đánh quái may mắn nhận được 1 trang bị Set kích hoạt,vuahp15,,,,Set kích hoạt,0,2026-07-03 00:38:49
8206022,2026-06-14 18:45:07,Super 1,SYSTEM,herokok vừa đánh quái may mắn nhận được 1 trang bị Set kích hoạt,herokok,,,,Set kích hoạt,0,2026-07-03 00:38:49
8205875,2026-06-14 18:40:31,Super 1,SYSTEM,herokakarot vừa đánh quái may mắn nhận được 1 trang bị Set kích hoạt Set Cađic M,herokakarot,,,,Set kích hoạt Set Cađic M,0,2026-07-03 00:38:49
8205756,2026-06-14 18:36:31,Super 1,SYSTEM,bielhd02 vừa đánh quái may mắn nhận được 1 trang bị Set kích hoạt,bielhd02,,,,Set kích hoạt,0,2026-07-03 00:38:49
8205749,2026-06-14 18:36:19,Super 1,SYSTEM,s1brolysuper vừa đánh quái may mắn nhận được 1 trang bị Set kích hoạt,s1brolysuper,,,,Set kích hoạt,0,2026-07-03 00:38:50
8205275,2026-06-14 18:20:43,Super 1,SYSTEM,mrsuyy vừa đánh quái may mắn nhận được 1 trang bị Set kích hoạt,mrsuyy,,,,Set kích hoạt,0,2026-07-03 00:38:50
8205000,2026-06-14 18:10:54,Super 1,SYSTEM,tunxinw vừa đánh quái may mắn nhận được 1 trang bị Set kích hoạt,tunxinw,,,,Set kích hoạt,0,2026-07-03 00:38:50
8204822,2026-06-14 18:04:32,Super 1,SYSTEM,razorcrest vừa đánh quái may mắn nhận được 1 trang bị Set kích hoạt Set Thần Vũ Trụ Kaio,razorcrest,,,,Set kích hoạt Set Thần Vũ Trụ Kaio,0,2026-07-03 00:38:50
8204511,2026-06-14 17:55:07,Super 1,SYSTEM,kakapote vừa đánh quái may mắn nhận được 1 trang bị Set kích hoạt,kakapote,,,,Set kích hoạt,0,2026-07-03 00:38:50
8204501,2026-06-14 17:54:55,Super 1,SYSTEM,carotblack vừa đánh quái may mắn nhận được 1 trang bị Set kích hoạt,carotblack,,,,Set kích hoạt,0,2026-07-03 00:38:50
8202147,2026-06-14 16:34:07,Super 1,SYSTEM,tortuga vừa đánh quái may mắn nhận được 1 trang bị Set kích hoạt,tortuga,,,,Set kích hoạt,0,2026-07-03 00:38:50
8201477,2026-06-14 16:09:31,Super 1,SYSTEM,kyber vừa đánh quái may mắn nhận được 1 trang bị Set kích hoạt Set Thần Vũ Trụ Kaio,kyber,,,,Set kích hoạt Set Thần Vũ Trụ Kaio,0,2026-07-03 00:38:50
8201243,2026-06-14 16:00:42,Super 1,SYSTEM,[HT] ciubetis vừa đánh quái may mắn nhận được 1 trang bị Set kích hoạt Gohan,,,,,Set kích hoạt Gohan,0,2026-07-03 00:38:50
8200508,2026-06-14 15:34:53,Super 1,SYSTEM,mountain1 vừa đánh quái may mắn nhận được 1 trang bị Set kích hoạt,mountain1,,,,Set kích hoạt,0,2026-07-03 00:38:50
8200482,2026-06-14 15:33:29,Super 1,SYSTEM,alderaan vừa đánh quái may mắn nhận được 1 trang bị Set kích hoạt Set Thần Vũ Trụ Kaio,alderaan,,,,Set kích hoạt Set Thần Vũ Trụ Kaio,0,2026-07-03 00:38:50
8199714,2026-06-14 15:06:41,Super 1,SYSTEM,bachlien vừa đánh quái may mắn nhận được 1 trang bị Set kích hoạt Set Cađic M,bachlien,,,,Set kích hoạt Set Cađic M,0,2026-07-03 00:38:50
8197486,2026-06-14 13:52:52,Super 1,SYSTEM,s1brolysuper vừa đánh quái may mắn nhận được 1 trang bị Set kích hoạt,s1brolysuper,,,,Set kích hoạt,0,2026-07-03 00:38:50
8196260,2026-06-14 13:11:52,Super 1,SYSTEM,gokushopeee vừa đánh quái may mắn nhận được 1 trang bị Set kích hoạt,gokushopeee,,,,Set kích hoạt,0,2026-07-03 00:38:50
8195753,2026-06-14 12:56:16,Super 1,SYSTEM,itomori vừa đánh quái may mắn nhận được 1 trang bị Set kích hoạt,itomori,,,,Set kích hoạt,0,2026-07-03 00:38:50
8195686,2026-06-14 12:54:28,Super 1,SYSTEM,haunguu vừa đánh quái may mắn nhận được 1 trang bị Set kích hoạt,haunguu,,,,Set kích hoạt,0,2026-07-03 00:38:50
8194073,2026-06-14 12:11:16,Super 1,SYSTEM,pachin vừa đánh quái may mắn nhận được 1 trang bị Set kích hoạt Set Thần Vũ Trụ Kaio,pachin,,,,Set kích hoạt Set Thần Vũ Trụ Kaio,0,2026-07-03 00:38:50
8193146,2026-06-14 11:43:27,Super 1,SYSTEM,vuahp15 vừa đánh quái may mắn nhận được 1 trang bị Set kích hoạt,vuahp15,,,,Set kích hoạt,0,2026-07-03 00:38:50
8193021,2026-06-14 11:40:39,Super 1,SYSTEM,s1brolysuper vừa đánh quái may mắn nhận được 1 trang bị Set kích hoạt Set Cađic M,s1brolysuper,,,,Set kích hoạt Set Cađic M,0,2026-07-03 00:38:50
8193014,2026-06-14 11:40:27,Super 1,SYSTEM,razorcrest vừa đánh quái may mắn nhận được 1 trang bị Set kích hoạt Set Thần Vũ Trụ Kaio,razorcrest,,,,Set kích hoạt Set Thần Vũ Trụ Kaio,0,2026-07-03 00:38:50
8192585,2026-06-14 11:26:38,Super 1,SYSTEM,sasuzanus vừa đánh quái may mắn nhận được 1 trang bị Set kích hoạt Set Thần Vũ Trụ Kaio,sasuzanus,,,,Set kích hoạt Set Thần Vũ Trụ Kaio,0,2026-07-03 00:38:50
8191773,2026-06-14 11:03:11,Super 1,SYSTEM,troinang vừa đánh quái may mắn nhận được 1 trang bị Set kích hoạt,troinang,,,,Set kích hoạt,0,2026-07-03 00:38:50
8191704,2026-06-14 11:00:49,Super 1,SYSTEM,vuahp15 vừa đánh quái may mắn nhận được 1 trang bị Set kích hoạt,vuahp15,,,,Set kích hoạt,0,2026-07-03 00:38:50
8190478,2026-06-14 10:21:36,Super 1,SYSTEM,plastic007 vừa đánh quái may mắn nhận được 1 trang bị Set kích hoạt Set Thần Vũ Trụ Kaio,plastic007,,,,Set kích hoạt Set Thần Vũ Trụ Kaio,0,2026-07-03 00:38:50
8189910,2026-06-14 10:03:24,Super 1,SYSTEM,crimsonpeak vừa đánh quái may mắn nhận được 1 trang bị Set kích hoạt,crimsonpeak,,,,Set kích hoạt,0,2026-07-03 00:38:50
8188865,2026-06-14 09:29:24,Super 1,SYSTEM,toilatewo vừa đánh quái may mắn nhận được 1 trang bị Set kích hoạt,toilatewo,,,,Set kích hoạt,0,2026-07-03 00:38:50
8188255,2026-06-14 09:09:47,Super 1,SYSTEM,pachin vừa đánh quái may mắn nhận được 1 trang bị Set kích hoạt,pachin,,,,Set kích hoạt,0,2026-07-03 00:38:50
8187918,2026-06-14 08:58:24,Super 1,SYSTEM,herokok vừa đánh quái may mắn nhận được 1 trang bị Set kích hoạt Set Thần Vũ Trụ Kaio,herokok,,,,Set kích hoạt Set Thần Vũ Trụ Kaio,0,2026-07-03 00:38:50
8187019,2026-06-14 08:29:23,Super 1,SYSTEM,bachlien vừa đánh quái may mắn nhận được 1 trang bị Set kích hoạt,bachlien,,,,Set kích hoạt,0,2026-07-03 00:38:50
8186661,2026-06-14 08:19:46,Super 1,SYSTEM,[HT] basang5k4 vừa đánh quái may mắn nhận được 1 trang bị Set kích hoạt Gohan,,,,,Set kích hoạt Gohan,0,2026-07-03 00:38:50
8186610,2026-06-14 08:17:24,Super 1,SYSTEM,itomori vừa đánh quái may mắn nhận được 1 trang bị Set kích hoạt,itomori,,,,Set kích hoạt,0,2026-07-03 00:38:50
8186101,2026-06-14 08:02:46,Super 1,SYSTEM,kyber vừa đánh quái may mắn nhận được 1 trang bị Set kích hoạt,kyber,,,,Set kích hoạt,0,2026-07-03 00:38:50
8185561,2026-06-14 07:45:59,Super 1,SYSTEM,gokushopeee vừa đánh quái may mắn nhận được 1 trang bị Set kích hoạt Set Cađic M,gokushopeee,,,,Set kích hoạt Set Cađic M,0,2026-07-03 00:38:50
8185556,2026-06-14 07:45:47,Super 1,SYSTEM,mrsuyy vừa đánh quái may mắn nhận được 1 trang bị Set kích hoạt,mrsuyy,,,,Set kích hoạt,0,2026-07-03 00:38:50
8185248,2026-06-14 07:35:22,Super 1,SYSTEM,rebelboys vừa đánh quái may mắn nhận được 1 trang bị Set kích hoạt,rebelboys,,,,Set kích hoạt,0,2026-07-03 00:38:50
8183889,2026-06-14 06:46:59,Super 1,SYSTEM,ductbkm100m vừa đánh quái may mắn nhận được 1 trang bị Set kích hoạt,ductbkm100m,,,,Set kích hoạt,0,2026-07-03 00:38:50
8183798,2026-06-14 06:43:11,Super 1,SYSTEM,carotblack vừa đánh quái may mắn nhận được 1 trang bị Set kích hoạt Set Thần Vũ Trụ Kaio,carotblack,,,,Set kích hoạt Set Thần Vũ Trụ Kaio,0,2026-07-03 00:38:50
8182628,2026-06-14 06:04:21,Super 1,SYSTEM,du0ngsama vừa đánh quái may mắn nhận được 1 trang bị Set kích hoạt,du0ngsama,,,,Set kích hoạt,0,2026-07-03 00:38:50
8181875,2026-06-14 05:35:22,Super 1,SYSTEM,11ztewoz vừa đánh quái may mắn nhận được 1 trang bị Set kích hoạt,11ztewoz,,,,Set kích hoạt,0,2026-07-03 00:38:50
8181128,2026-06-14 04:58:45,Super 1,SYSTEM,tachikoma vừa đánh quái may mắn nhận được 1 trang bị Set kích hoạt,tachikoma,,,,Set kích hoạt,0,2026-07-03 00:38:50
8180902,2026-06-14 04:48:22,Super 1,SYSTEM,alderaan vừa đánh quái may mắn nhận được 1 trang bị Set kích hoạt,alderaan,,,,Set kích hoạt,0,2026-07-03 00:38:50
8180862,2026-06-14 04:45:22,Super 1,SYSTEM,vuahp15 vừa đánh quái may mắn nhận được 1 trang bị Set kích hoạt,vuahp15,,,,Set kích hoạt,0,2026-07-03 00:38:50
8179562,2026-06-14 03:22:38,Super 1,SYSTEM,redfinger vừa đánh quái may mắn nhận được 1 trang bị Set kích hoạt Set Cađic M,redfinger,,,,Set kích hoạt Set Cađic M,0,2026-07-03 00:38:50
8179439,2026-06-14 03:16:27,Super 1,SYSTEM,troinang vừa đánh quái may mắn nhận được 1 trang bị Set kích hoạt Set Cađic M,troinang,,,,Set kích hoạt Set Cađic M,0,2026-07-03 00:38:50
8178999,2026-06-14 02:57:38,Super 1,SYSTEM,itomori vừa đánh quái may mắn nhận được 1 trang bị Set kích hoạt,itomori,,,,Set kích hoạt,0,2026-07-03 00:38:50
8178739,2026-06-14 02:46:49,Super 1,SYSTEM,vuahp15 vừa đánh quái may mắn nhận được 1 trang bị Set kích hoạt,vuahp15,,,,Set kích hoạt,0,2026-07-03 00:38:50
8177869,2026-06-14 02:10:25,Super 1,SYSTEM,hoanghme99 vừa đánh quái may mắn nhận được 1 trang bị Set kích hoạt,hoanghme99,,,,Set kích hoạt,0,2026-07-03 00:38:50
8177317,2026-06-14 01:48:49,Super 1,SYSTEM,ciubetis vừa đánh quái may mắn nhận được 1 trang bị Set kích hoạt,ciubetis,,,,Set kích hoạt,0,2026-07-03 00:38:50
8176326,2026-06-14 01:18:48,Super 1,SYSTEM,bielhd02 vừa đánh quái may mắn nhận được 1 trang bị Set kích hoạt,bielhd02,,,,Set kích hoạt,0,2026-07-03 00:38:50
8175857,2026-06-14 01:02:49,Super 1,SYSTEM,alderaan vừa đánh quái may mắn nhận được 1 trang bị Set kích hoạt,alderaan,,,,Set kích hoạt,0,2026-07-03 00:38:50
8175658,2026-06-14 00:54:48,Super 1,SYSTEM,hoanghme99 vừa đánh quái may mắn nhận được 1 trang bị Set kích hoạt,hoanghme99,,,,Set kích hoạt,0,2026-07-03 00:38:51
8174561,2026-06-14 00:16:36,Super 1,SYSTEM,vuahp15 vừa đánh quái may mắn nhận được 1 trang bị Set kích hoạt,vuahp15,,,,Set kích hoạt,0,2026-07-03 00:38:51
8174356,2026-06-14 00:10:36,Super 1,SYSTEM,razorcrest vừa đánh quái may mắn nhận được 1 trang bị Set kích hoạt,razorcrest,,,,Set kích hoạt,0,2026-07-03 00:38:51
8173911,2026-06-13 23:56:34,Super 1,SYSTEM,11ztewoz vừa đánh quái may mắn nhận được 1 trang bị Set kích hoạt,11ztewoz,,,,Set kích hoạt,0,2026-07-03 00:38:51
8173622,2026-06-13 23:48:00,Super 1,SYSTEM,[HT] kenzetsu vừa đánh quái may mắn nhận được 1 trang bị Set kích hoạt Gohan,,,,,Set kích hoạt Gohan,0,2026-07-03 00:38:51
8172514,2026-06-13 23:15:23,Super 1,SYSTEM,salazar vừa đánh quái may mắn nhận được 1 trang bị Set kích hoạt,salazar,,,,Set kích hoạt,0,2026-07-03 00:38:51
8172511,2026-06-13 23:15:11,Super 1,SYSTEM,themyscira vừa đánh quái may mắn nhận được 1 trang bị Set kích hoạt,themyscira,,,,Set kích hoạt,0,2026-07-03 00:38:51
8171468,2026-06-13 22:44:10,Super 1,SYSTEM,herokakarot vừa đánh quái may mắn nhận được 1 trang bị Set kích hoạt,herokakarot,,,,Set kích hoạt,0,2026-07-03 00:38:51
8171176,2026-06-13 22:35:23,Super 1,SYSTEM,kkrtoww vừa đánh quái may mắn nhận được 1 trang bị Set kích hoạt,kkrtoww,,,,Set kích hoạt,0,2026-07-03 00:38:51
8171109,2026-06-13 22:33:11,Super 1,SYSTEM,updokame02 vừa đánh quái may mắn nhận được 1 trang bị Set kích hoạt,updokame02,,,,Set kích hoạt,0,2026-07-03 00:38:51
8171082,2026-06-13 22:32:11,Super 1,SYSTEM,chubodoi1 vừa đánh quái may mắn nhận được 1 trang bị Set kích hoạt,chubodoi1,,,,Set kích hoạt,0,2026-07-03 00:38:51
8170816,2026-06-13 22:25:10,Super 1,SYSTEM,[HT] topsuperrank vừa đánh quái may mắn nhận được 1 trang bị Set kích hoạt Gohan,,,,,Set kích hoạt Gohan,0,2026-07-03 00:38:51
8170689,2026-06-13 22:21:45,Super 1,SYSTEM,corvinus vừa đánh quái may mắn nhận được 1 trang bị Set kích hoạt,corvinus,,,,Set kích hoạt,0,2026-07-03 00:38:51
8168709,2026-06-13 21:20:22,Super 1,SYSTEM,hoanghme99 vừa đánh quái may mắn nhận được 1 trang bị Set kích hoạt Set Thần Vũ Trụ Kaio,hoanghme99,,,,Set kích hoạt Set Thần Vũ Trụ Kaio,0,2026-07-03 00:38:51
8168657,2026-06-13 21:18:33,Super 1,SYSTEM,zokinsp1 vừa đánh quái may mắn nhận được 1 trang bị Set kích hoạt Set Thần Vũ Trụ Kaio,zokinsp1,,,,Set kích hoạt Set Thần Vũ Trụ Kaio,0,2026-07-03 00:38:51
8168159,2026-06-13 21:02:34,Super 1,SYSTEM,vuahp15 vừa đánh quái may mắn nhận được 1 trang bị Set kích hoạt Set Cađic M,vuahp15,,,,Set kích hoạt Set Cađic M,0,2026-07-03 00:38:51
8167626,2026-06-13 20:48:21,Super 1,SYSTEM,du0ngsama vừa đánh quái may mắn nhận được 1 trang bị Set kích hoạt Set Nail chiến binh Namếc,du0ngsama,,,,Set kích hoạt Set Nail chiến binh Namếc,0,2026-07-03 00:38:51
8167152,2026-06-13 20:31:57,Super 1,SYSTEM,thaytuxn vừa đánh quái may mắn nhận được 1 trang bị Set kích hoạt,thaytuxn,,,,Set kích hoạt,0,2026-07-03 00:38:51
8166380,2026-06-13 20:05:08,Super 1,SYSTEM,s1brolysuper vừa đánh quái may mắn nhận được 1 trang bị Set kích hoạt,s1brolysuper,,,,Set kích hoạt,0,2026-07-03 00:38:51
8165917,2026-06-13 19:52:45,Super 1,SYSTEM,razorcrest vừa đánh quái may mắn nhận được 1 trang bị Set kích hoạt,razorcrest,,,,Set kích hoạt,0,2026-07-03 00:38:51
8165278,2026-06-13 19:31:45,Super 1,SYSTEM,[HT] theseus vừa đánh quái may mắn nhận được 1 trang bị Set kích hoạt Gohan,,,,,Set kích hoạt Gohan,0,2026-07-03 00:38:51
8164267,2026-06-13 18:56:56,Super 1,SYSTEM,s1brolysuper vừa đánh quái may mắn nhận được 1 trang bị Set kích hoạt Set Cađic M,s1brolysuper,,,,Set kích hoạt Set Cađic M,0,2026-07-03 00:38:51
8163652,2026-06-13 18:33:20,Super 1,SYSTEM,plastic007 vừa đánh quái may mắn nhận được 1 trang bị Set kích hoạt,plastic007,,,,Set kích hoạt,0,2026-07-03 00:38:51
8163574,2026-06-13 18:30:31,Super 1,SYSTEM,satorugoku vừa đánh quái may mắn nhận được 1 trang bị Set kích hoạt,satorugoku,,,,Set kích hoạt,0,2026-07-03 00:38:51
8163321,2026-06-13 18:20:44,Super 1,SYSTEM,hoanghme99 vừa đánh quái may mắn nhận được 1 trang bị Set kích hoạt,hoanghme99,,,,Set kích hoạt,0,2026-07-03 00:38:51
8163284,2026-06-13 18:18:56,Super 1,SYSTEM,11ztewoz vừa đánh quái may mắn nhận được 1 trang bị Set kích hoạt Set Thần Vũ Trụ Kaio,11ztewoz,,,,Set kích hoạt Set Thần Vũ Trụ Kaio,0,2026-07-03 00:38:51
8162647,2026-06-13 17:54:08,Super 1,SYSTEM,satorugoku vừa đánh quái may mắn nhận được 1 trang bị Set kích hoạt,satorugoku,,,,Set kích hoạt,0,2026-07-03 00:38:51
8162275,2026-06-13 17:40:55,Super 1,SYSTEM,tieumeomeo vừa đánh quái may mắn nhận được 1 trang bị Set kích hoạt,tieumeomeo,,,,Set kích hoạt,0,2026-07-03 00:38:51
8161924,2026-06-13 17:28:31,Super 1,SYSTEM,dnloksp1 vừa đánh quái may mắn nhận được 1 trang bị Set kích hoạt Set Cađic M,dnloksp1,,,,Set kích hoạt Set Cađic M,0,2026-07-03 00:38:51
8161573,2026-06-13 17:15:30,Super 1,SYSTEM,bielhd02 vừa đánh quái may mắn nhận được 1 trang bị Set kích hoạt Set Thần Vũ Trụ Kaio,bielhd02,,,,Set kích hoạt Set Thần Vũ Trụ Kaio,0,2026-07-03 00:38:51
8160189,2026-06-13 16:22:45,Super 1,SYSTEM,[HT] ck1r1am4xu vừa đánh quái may mắn nhận được 1 trang bị Set kích hoạt Gohan,,,,,Set kích hoạt Gohan,0,2026-07-03 00:38:51
8159383,2026-06-13 15:52:21,Super 1,SYSTEM,hoanghme99 vừa đánh quái may mắn nhận được 1 trang bị Set kích hoạt,hoanghme99,,,,Set kích hoạt,0,2026-07-03 00:38:51
8159374,2026-06-13 15:52:09,Super 1,SYSTEM,umbalaao vừa đánh quái may mắn nhận được 1 trang bị Set kích hoạt Set Thần Vũ Trụ Kaio,umbalaao,,,,Set kích hoạt Set Thần Vũ Trụ Kaio,0,2026-07-03 00:38:51
8158633,2026-06-13 15:22:08,Super 1,SYSTEM,bachlien vừa đánh quái may mắn nhận được 1 trang bị Set kích hoạt,bachlien,,,,Set kích hoạt,0,2026-07-03 00:38:51
8158204,2026-06-13 15:07:20,Super 1,SYSTEM,razorcrest vừa đánh quái may mắn nhận được 1 trang bị Set kích hoạt,razorcrest,,,,Set kích hoạt,0,2026-07-03 00:38:51
8158153,2026-06-13 15:05:44,Super 1,SYSTEM,ductbkm100m vừa đánh quái may mắn nhận được 1 trang bị Set kích hoạt Set Thần Vũ Trụ Kaio,ductbkm100m,,,,Set kích hoạt Set Thần Vũ Trụ Kaio,0,2026-07-03 00:38:51
8158007,2026-06-13 14:59:08,Super 1,SYSTEM,tieumeomeo vừa đánh quái may mắn nhận được 1 trang bị Set kích hoạt,tieumeomeo,,,,Set kích hoạt,0,2026-07-03 00:38:51
8156815,2026-06-13 14:15:56,Super 1,SYSTEM,tunxinw vừa đánh quái may mắn nhận được 1 trang bị Set kích hoạt,tunxinw,,,,Set kích hoạt,0,2026-07-03 00:38:51
8156573,2026-06-13 14:07:31,Super 1,SYSTEM,iilovethaoo vừa đánh quái may mắn nhận được 1 trang bị Set kích hoạt,iilovethaoo,,,,Set kích hoạt,0,2026-07-03 00:38:51
8155642,2026-06-13 13:29:31,Super 1,SYSTEM,razorcrest vừa đánh quái may mắn nhận được 1 trang bị Set kích hoạt,razorcrest,,,,Set kích hoạt,0,2026-07-03 00:38:51
8155445,2026-06-13 13:20:55,Super 1,SYSTEM,hentailz vừa đánh quái may mắn nhận được 1 trang bị Set kích hoạt Set Cađic M,hentailz,,,,Set kích hoạt Set Cađic M,0,2026-07-03 00:38:51
8155431,2026-06-13 13:20:30,Super 1,SYSTEM,vuahp15 vừa đánh quái may mắn nhận được 1 trang bị Set kích hoạt,vuahp15,,,,Set kích hoạt,0,2026-07-03 00:38:51
8155344,2026-06-13 13:17:06,Super 1,SYSTEM,carotblack vừa đánh quái may mắn nhận được 1 trang bị Set kích hoạt,carotblack,,,,Set kích hoạt,0,2026-07-03 00:38:51
8155036,2026-06-13 13:05:31,Super 1,SYSTEM,iilovethaoo vừa đánh quái may mắn nhận được 1 trang bị Set kích hoạt,iilovethaoo,,,,Set kích hoạt,0,2026-07-03 00:38:51
8153342,2026-06-13 12:14:18,Super 1,SYSTEM,iilovethaoo vừa đánh quái may mắn nhận được 1 trang bị Set kích hoạt,iilovethaoo,,,,Set kích hoạt,0,2026-07-03 00:38:51
8152208,2026-06-13 11:37:17,Super 1,SYSTEM,bommerd vừa đánh quái may mắn nhận được 1 trang bị Set kích hoạt,bommerd,,,,Set kích hoạt,0,2026-07-03 00:38:51
8151854,2026-06-13 11:25:05,Super 1,SYSTEM,ciubetis vừa đánh quái may mắn nhận được 1 trang bị Set kích hoạt Set Thần Vũ Trụ Kaio,ciubetis,,,,Set kích hoạt Set Thần Vũ Trụ Kaio,0,2026-07-03 00:38:51
8151584,2026-06-13 11:16:05,Super 1,SYSTEM,satorugoku vừa đánh quái may mắn nhận được 1 trang bị Set kích hoạt,satorugoku,,,,Set kích hoạt,0,2026-07-03 00:38:51
8151312,2026-06-13 11:07:42,Super 1,SYSTEM,alderaan vừa đánh quái may mắn nhận được 1 trang bị Set kích hoạt,alderaan,,,,Set kích hoạt,0,2026-07-03 00:38:51
8150744,2026-06-13 10:50:04,Super 1,SYSTEM,plastic007 vừa đánh quái may mắn nhận được 1 trang bị Set kích hoạt,plastic007,,,,Set kích hoạt,0,2026-07-03 00:38:51
8150375,2026-06-13 10:37:17,Super 1,SYSTEM,neotokyo vừa đánh quái may mắn nhận được 1 trang bị Set kích hoạt Set Thần Vũ Trụ Kaio,neotokyo,,,,Set kích hoạt Set Thần Vũ Trụ Kaio,0,2026-07-03 00:38:52
8150357,2026-06-13 10:36:53,Super 1,SYSTEM,tunxinw vừa đánh quái may mắn nhận được 1 trang bị Set kích hoạt Set Cađic M,tunxinw,,,,Set kích hoạt Set Cađic M,0,2026-07-03 00:38:52
8150231,2026-06-13 10:32:17,Super 1,SYSTEM,crimsonpeak vừa đánh quái may mắn nhận được 1 trang bị Set kích hoạt Set Thần Vũ Trụ Kaio,crimsonpeak,,,,Set kích hoạt Set Thần Vũ Trụ Kaio,0,2026-07-03 00:38:52
8148328,2026-06-13 09:32:05,Super 1,SYSTEM,vuahp15 vừa đánh quái may mắn nhận được 1 trang bị Set kích hoạt,vuahp15,,,,Set kích hoạt,0,2026-07-03 00:38:52
8148104,2026-06-13 09:24:16,Super 1,SYSTEM,kakapote vừa đánh quái may mắn nhận được 1 trang bị Set kích hoạt Set Cađic M,kakapote,,,,Set kích hoạt Set Cađic M,0,2026-07-03 00:38:52
8148041,2026-06-13 09:22:04,Super 1,SYSTEM,crimsonpeak vừa đánh quái may mắn nhận được 1 trang bị Set kích hoạt Set Thần Vũ Trụ Kaio,crimsonpeak,,,,Set kích hoạt Set Thần Vũ Trụ Kaio,0,2026-07-03 00:38:52
8147901,2026-06-13 09:16:27,Super 1,SYSTEM,satorugoku vừa đánh quái may mắn nhận được 1 trang bị Set kích hoạt,satorugoku,,,,Set kích hoạt,0,2026-07-03 00:38:52
8146282,2026-06-13 08:16:40,Super 1,SYSTEM,tortuga vừa đánh quái may mắn nhận được 1 trang bị Set kích hoạt,tortuga,,,,Set kích hoạt,0,2026-07-03 00:38:52
8146210,2026-06-13 08:14:04,Super 1,SYSTEM,ciubetis vừa đánh quái may mắn nhận được 1 trang bị Set kích hoạt Set Thần Vũ Trụ Kaio,ciubetis,,,,Set kích hoạt Set Thần Vũ Trụ Kaio,0,2026-07-03 00:38:52
8145988,2026-06-13 08:06:51,Super 1,SYSTEM,tieumeomeo vừa đánh quái may mắn nhận được 1 trang bị Set kích hoạt,tieumeomeo,,,,Set kích hoạt,0,2026-07-03 00:38:52
8144912,2026-06-13 07:28:27,Super 1,SYSTEM,toilatewo vừa đánh quái may mắn nhận được 1 trang bị Set kích hoạt Set Thần Vũ Trụ Kaio,toilatewo,,,,Set kích hoạt Set Thần Vũ Trụ Kaio,0,2026-07-03 00:38:52
8144599,2026-06-13 07:17:04,Super 1,SYSTEM,zokinsp1 vừa đánh quái may mắn nhận được 1 trang bị Set kích hoạt Set Thần Vũ Trụ Kaio,zokinsp1,,,,Set kích hoạt Set Thần Vũ Trụ Kaio,0,2026-07-03 00:38:52
8144466,2026-06-13 07:11:28,Super 1,SYSTEM,itomori vừa đánh quái may mắn nhận được 1 trang bị Set kích hoạt,itomori,,,,Set kích hoạt,0,2026-07-03 00:38:52
8143813,2026-06-13 06:50:16,Super 1,SYSTEM,tunxinw vừa đánh quái may mắn nhận được 1 trang bị Set kích hoạt,tunxinw,,,,Set kích hoạt,0,2026-07-03 00:38:52
8143771,2026-06-13 06:48:15,Super 1,SYSTEM,unooram vừa đánh quái may mắn nhận được 1 trang bị Set kích hoạt Set Cađic M,unooram,,,,Set kích hoạt Set Cađic M,0,2026-07-03 00:38:52
8143438,2026-06-13 06:36:38,Super 1,SYSTEM,umbalaao vừa đánh quái may mắn nhận được 1 trang bị Set kích hoạt,umbalaao,,,,Set kích hoạt,0,2026-07-03 00:38:52
8143407,2026-06-13 06:35:16,Super 1,SYSTEM,satorugoku vừa đánh quái may mắn nhận được 1 trang bị Set kích hoạt,satorugoku,,,,Set kích hoạt,0,2026-07-03 00:38:52
8142595,2026-06-13 06:09:52,Super 1,SYSTEM,[HT] zokinsp1 vừa đánh quái may mắn nhận được 1 trang bị Set kích hoạt Gohan,,,,,Set kích hoạt Gohan,0,2026-07-03 00:38:52
8142420,2026-06-13 06:02:27,Super 1,SYSTEM,goku0j0 vừa đánh quái may mắn nhận được 1 trang bị Set kích hoạt,goku0j0,,,,Set kích hoạt,0,2026-07-03 00:38:52
8142014,2026-06-13 05:47:28,Super 1,SYSTEM,s1brolysuper vừa đánh quái may mắn nhận được 1 trang bị Set kích hoạt,s1brolysuper,,,,Set kích hoạt,0,2026-07-03 00:38:52
8141212,2026-06-13 05:08:26,Super 1,SYSTEM,chubodoi1 vừa đánh quái may mắn nhận được 1 trang bị Set kích hoạt Set Cađic M,chubodoi1,,,,Set kích hoạt Set Cađic M,0,2026-07-03 00:38:52
8141155,2026-06-13 05:06:38,Super 1,SYSTEM,damnhuga vừa đánh quái may mắn nhận được 1 trang bị Set kích hoạt,damnhuga,,,,Set kích hoạt,0,2026-07-03 00:38:52
8140931,2026-06-13 04:54:15,Super 1,SYSTEM,itomori vừa đánh quái may mắn nhận được 1 trang bị Set kích hoạt,itomori,,,,Set kích hoạt,0,2026-07-03 00:38:52
8140752,2026-06-13 04:46:02,Super 1,SYSTEM,du0ngsama vừa đánh quái may mắn nhận được 1 trang bị Set kích hoạt,du0ngsama,,,,Set kích hoạt,0,2026-07-03 00:38:52
8139252,2026-06-13 03:23:39,Super 1,SYSTEM,ductbkm100m vừa đánh quái may mắn nhận được 1 trang bị Set kích hoạt,ductbkm100m,,,,Set kích hoạt,0,2026-07-03 00:38:52
8139171,2026-06-13 03:19:02,Super 1,SYSTEM,vuahp15 vừa đánh quái may mắn nhận được 1 trang bị Set kích hoạt Set Cađic M,vuahp15,,,,Set kích hoạt Set Cađic M,0,2026-07-03 00:38:52
8137967,2026-06-13 02:32:26,Super 1,SYSTEM,goku0j0 vừa đánh quái may mắn nhận được 1 trang bị Set kích hoạt,goku0j0,,,,Set kích hoạt,0,2026-07-03 00:38:52
8137320,2026-06-13 02:10:14,Super 1,SYSTEM,vuahp15 vừa đánh quái may mắn nhận được 1 trang bị Set kích hoạt,vuahp15,,,,Set kích hoạt,0,2026-07-03 00:38:52
8135101,2026-06-13 00:46:12,Super 1,SYSTEM,sasuzanus vừa đánh quái may mắn nhận được 1 trang bị Set kích hoạt Set Thần Vũ Trụ Kaio,sasuzanus,,,,Set kích hoạt Set Thần Vũ Trụ Kaio,0,2026-07-03 00:38:52
8134720,2026-06-13 00:33:49,Super 1,SYSTEM,kyber vừa đánh quái may mắn nhận được 1 trang bị Set kích hoạt Set Thần Vũ Trụ Kaio,kyber,,,,Set kích hoạt Set Thần Vũ Trụ Kaio,0,2026-07-03 00:38:52
8134563,2026-06-13 00:29:00,Super 1,SYSTEM,razorcrest vừa đánh quái may mắn nhận được 1 trang bị Set kích hoạt,razorcrest,,,,Set kích hoạt,0,2026-07-03 00:38:52
8131518,2026-06-12 22:47:59,Super 1,SYSTEM,neotokyo vừa đánh quái may mắn nhận được 1 trang bị Set kích hoạt Set Thần Vũ Trụ Kaio,neotokyo,,,,Set kích hoạt Set Thần Vũ Trụ Kaio,0,2026-07-03 00:38:52
8131420,2026-06-12 22:45:23,Super 1,SYSTEM,ciubetis vừa đánh quái may mắn nhận được 1 trang bị Set kích hoạt Set Thần Vũ Trụ Kaio,ciubetis,,,,Set kích hoạt Set Thần Vũ Trụ Kaio,0,2026-07-03 00:38:52
8130744,2026-06-12 22:23:59,Super 1,SYSTEM,zokinsp1 vừa đánh quái may mắn nhận được 1 trang bị Set kích hoạt,zokinsp1,,,,Set kích hoạt,0,2026-07-03 00:38:52
8130619,2026-06-12 22:18:46,Super 1,SYSTEM,11ztewoz vừa đánh quái may mắn nhận được 1 trang bị Set kích hoạt Set Thần Vũ Trụ Kaio,11ztewoz,,,,Set kích hoạt Set Thần Vũ Trụ Kaio,0,2026-07-03 00:38:52
8130008,2026-06-12 21:57:46,Super 1,SYSTEM,onlymeinhere vừa đánh quái may mắn nhận được 1 trang bị Set kích hoạt,onlymeinhere,,,,Set kích hoạt,0,2026-07-03 00:38:52
8129604,2026-06-12 21:45:47,Super 1,SYSTEM,cbronappano1 vừa đánh quái may mắn nhận được 1 trang bị Set kích hoạt,cbronappano1,,,,Set kích hoạt,0,2026-07-03 00:38:52
8128502,2026-06-12 21:11:10,Super 1,SYSTEM,kakapote vừa đánh quái may mắn nhận được 1 trang bị Set kích hoạt Set Cađic M,kakapote,,,,Set kích hoạt Set Cađic M,0,2026-07-03 00:38:52
8128415,2026-06-12 21:08:09,Super 1,SYSTEM,henne5m vừa đánh quái may mắn nhận được 1 trang bị Set kích hoạt,henne5m,,,,Set kích hoạt,0,2026-07-03 00:38:52
8128301,2026-06-12 21:04:09,Super 1,SYSTEM,ciubetis vừa đánh quái may mắn nhận được 1 trang bị Set kích hoạt,ciubetis,,,,Set kích hoạt,0,2026-07-03 00:38:52
8128151,2026-06-12 21:00:11,Super 1,SYSTEM,damnhuga vừa đánh quái may mắn nhận được 1 trang bị Set kích hoạt,damnhuga,,,,Set kích hoạt,0,2026-07-03 00:38:52
8127473,2026-06-12 20:38:58,Super 1,SYSTEM,dathomir vừa đánh quái may mắn nhận được 1 trang bị Set kích hoạt,dathomir,,,,Set kích hoạt,0,2026-07-03 00:38:52
8127042,2026-06-12 20:23:45,Super 1,SYSTEM,mrsuyy vừa đánh quái may mắn nhận được 1 trang bị Set kích hoạt Set Nail chiến binh Namếc,mrsuyy,,,,Set kích hoạt Set Nail chiến binh Namếc,0,2026-07-03 00:38:52
8126755,2026-06-12 20:12:46,Super 1,SYSTEM,[HT] upvang01 vừa đánh quái may mắn nhận được 1 trang bị Set kích hoạt Gohan,,,,,Set kích hoạt Gohan,0,2026-07-03 00:38:52
8125795,2026-06-12 19:39:45,Super 1,SYSTEM,neotokyo vừa đánh quái may mắn nhận được 1 trang bị Set kích hoạt,neotokyo,,,,Set kích hoạt,0,2026-07-03 00:38:52
8125700,2026-06-12 19:35:56,Super 1,SYSTEM,tieumeomeo vừa đánh quái may mắn nhận được 1 trang bị Set kích hoạt,tieumeomeo,,,,Set kích hoạt,0,2026-07-03 00:38:52
8125688,2026-06-12 19:35:20,Super 1,SYSTEM,tunxinw vừa đánh quái may mắn nhận được 1 trang bị Set kích hoạt,tunxinw,,,,Set kích hoạt,0,2026-07-03 00:38:52
8125671,2026-06-12 19:34:44,Super 1,SYSTEM,[HT] jacoby vừa đánh quái may mắn nhận được 1 trang bị Set kích hoạt Gohan,,,,,Set kích hoạt Gohan,0,2026-07-03 00:38:52
8122901,2026-06-12 18:06:20,Super 1,SYSTEM,ciubetis vừa đánh quái may mắn nhận được 1 trang bị Set kích hoạt,ciubetis,,,,Set kích hoạt,0,2026-07-03 00:38:52
8122788,2026-06-12 18:01:19,Super 1,SYSTEM,tachikoma vừa đánh quái may mắn nhận được 1 trang bị Set kích hoạt,tachikoma,,,,Set kích hoạt,0,2026-07-03 00:38:52
8121987,2026-06-12 17:30:56,Super 1,SYSTEM,kakapote vừa đánh quái may mắn nhận được 1 trang bị Set kích hoạt Set Cađic M,kakapote,,,,Set kích hoạt Set Cađic M,0,2026-07-03 00:38:53
8121952,2026-06-12 17:30:08,Super 1,SYSTEM,itomori vừa đánh quái may mắn nhận được 1 trang bị Set kích hoạt,itomori,,,,Set kích hoạt,0,2026-07-03 00:38:53
8121746,2026-06-12 17:23:08,Super 1,SYSTEM,alderaan vừa đánh quái may mắn nhận được 1 trang bị Set kích hoạt,alderaan,,,,Set kích hoạt,0,2026-07-03 00:38:53
8121687,2026-06-12 17:20:31,Super 1,SYSTEM,tortuga vừa đánh quái may mắn nhận được 1 trang bị Set kích hoạt,tortuga,,,,Set kích hoạt,0,2026-07-03 00:38:53
8121668,2026-06-12 17:19:43,Super 1,SYSTEM,[HT] honghainhiii vừa đánh quái may mắn nhận được 1 trang bị Set kích hoạt Gohan,,,,,Set kích hoạt Gohan,0,2026-07-03 00:38:53
8121628,2026-06-12 17:17:31,Super 1,SYSTEM,tachikoma vừa đánh quái may mắn nhận được 1 trang bị Set kích hoạt,tachikoma,,,,Set kích hoạt,0,2026-07-03 00:38:53
8121446,2026-06-12 17:11:18,Super 1,SYSTEM,troinang vừa đánh quái may mắn nhận được 1 trang bị Set kích hoạt Set Cađic M,troinang,,,,Set kích hoạt Set Cađic M,0,2026-07-03 00:38:53
8120978,2026-06-12 16:54:19,Super 1,SYSTEM,s1brolysuper vừa đánh quái may mắn nhận được 1 trang bị Set kích hoạt Set Cađic M,s1brolysuper,,,,Set kích hoạt Set Cađic M,0,2026-07-03 00:38:53
8120760,2026-06-12 16:43:20,Super 1,SYSTEM,umbalaao vừa đánh quái may mắn nhận được 1 trang bị Set kích hoạt,umbalaao,,,,Set kích hoạt,0,2026-07-03 00:38:53
8120051,2026-06-12 16:15:43,Super 1,SYSTEM,iilovethaoo vừa đánh quái may mắn nhận được 1 trang bị Set kích hoạt,iilovethaoo,,,,Set kích hoạt,0,2026-07-03 00:38:53
8119767,2026-06-12 16:05:06,Super 1,SYSTEM,[HT] khadzpro vừa đánh quái may mắn nhận được 1 trang bị Set kích hoạt Gohan,,,,,Set kích hoạt Gohan,0,2026-07-03 00:38:53
8119669,2026-06-12 16:00:42,Super 1,SYSTEM,ciubetis vừa đánh quái may mắn nhận được 1 trang bị Set kích hoạt,ciubetis,,,,Set kích hoạt,0,2026-07-03 00:38:53
8119008,2026-06-12 15:36:41,Super 1,SYSTEM,hoanghme99 vừa đánh quái may mắn nhận được 1 trang bị Set kích hoạt,hoanghme99,,,,Set kích hoạt,0,2026-07-03 00:38:53
8117958,2026-06-12 14:57:42,Super 1,SYSTEM,tieumeomeo vừa đánh quái may mắn nhận được 1 trang bị Set kích hoạt,tieumeomeo,,,,Set kích hoạt,0,2026-07-03 00:38:53
8117950,2026-06-12 14:57:30,Super 1,SYSTEM,hungdzsuper vừa đánh quái may mắn nhận được 1 trang bị Set kích hoạt,hungdzsuper,,,,Set kích hoạt,0,2026-07-03 00:38:53
8117436,2026-06-12 14:38:06,Super 1,SYSTEM,neotokyo vừa đánh quái may mắn nhận được 1 trang bị Set kích hoạt,neotokyo,,,,Set kích hoạt,0,2026-07-03 00:38:53
8116978,2026-06-12 14:22:55,Super 1,SYSTEM,razorcrest vừa đánh quái may mắn nhận được 1 trang bị Set kích hoạt,razorcrest,,,,Set kích hoạt,0,2026-07-03 00:38:53
8116442,2026-06-12 14:01:30,Super 1,SYSTEM,11ztewoz vừa đánh quái may mắn nhận được 1 trang bị Set kích hoạt,11ztewoz,,,,Set kích hoạt,0,2026-07-03 00:38:53
8115273,2026-06-12 13:18:41,Super 1,SYSTEM,ductbkm100m vừa đánh quái may mắn nhận được 1 trang bị Set kích hoạt Set Thần Vũ Trụ Kaio,ductbkm100m,,,,Set kích hoạt Set Thần Vũ Trụ Kaio,0,2026-07-03 00:38:53
8115005,2026-06-12 13:06:29,Super 1,SYSTEM,hoanghme99 vừa đánh quái may mắn nhận được 1 trang bị Set kích hoạt Set Thần Vũ Trụ Kaio,hoanghme99,,,,Set kích hoạt Set Thần Vũ Trụ Kaio,0,2026-07-03 00:38:53
8114227,2026-06-12 12:34:04,Super 1,SYSTEM,bl4ckrose vừa đánh quái may mắn nhận được 1 trang bị Set kích hoạt Set Nail chiến binh Namếc,bl4ckrose,,,,Set kích hoạt Set Nail chiến binh Namếc,0,2026-07-03 00:38:53
8114203,2026-06-12 12:32:40,Super 1,SYSTEM,ciubetis vừa đánh quái may mắn nhận được 1 trang bị Set kích hoạt Set Thần Vũ Trụ Kaio,ciubetis,,,,Set kích hoạt Set Thần Vũ Trụ Kaio,0,2026-07-03 00:38:53
8113364,2026-06-12 11:58:17,Super 1,SYSTEM,11ztewoz vừa đánh quái may mắn nhận được 1 trang bị Set kích hoạt,11ztewoz,,,,Set kích hoạt,0,2026-07-03 00:38:53
8112783,2026-06-12 11:37:17,Super 1,SYSTEM,tunxinw vừa đánh quái may mắn nhận được 1 trang bị Set kích hoạt Set Cađic M,tunxinw,,,,Set kích hoạt Set Cađic M,0,2026-07-03 00:38:53
8111120,2026-06-12 10:33:53,Super 1,SYSTEM,crimsonpeak vừa đánh quái may mắn nhận được 1 trang bị Set kích hoạt,crimsonpeak,,,,Set kích hoạt,0,2026-07-03 00:38:53
8110506,2026-06-12 10:15:29,Super 1,SYSTEM,ciubetis vừa đánh quái may mắn nhận được 1 trang bị Set kích hoạt,ciubetis,,,,Set kích hoạt,0,2026-07-03 00:38:53
8108495,2026-06-12 08:59:16,Super 1,SYSTEM,kakapote vừa đánh quái may mắn nhận được 1 trang bị Set kích hoạt,kakapote,,,,Set kích hoạt,0,2026-07-03 00:38:53
8106334,2026-06-12 07:13:40,Super 1,SYSTEM,vuahp15 vừa đánh quái may mắn nhận được 1 trang bị Set kích hoạt,vuahp15,,,,Set kích hoạt,0,2026-07-03 00:38:53
8105887,2026-06-12 06:51:15,Super 1,SYSTEM,iilovethaoo vừa đánh quái may mắn nhận được 1 trang bị Set kích hoạt,iilovethaoo,,,,Set kích hoạt,0,2026-07-03 00:38:53
8104549,2026-06-12 05:34:02,Super 1,SYSTEM,bielhd02 vừa đánh quái may mắn nhận được 1 trang bị Set kích hoạt,bielhd02,,,,Set kích hoạt,0,2026-07-03 00:38:53
8103526,2026-06-12 04:19:37,Super 1,SYSTEM,dnloksp1 vừa đánh quái may mắn nhận được 1 trang bị Set kích hoạt,dnloksp1,,,,Set kích hoạt,0,2026-07-03 00:38:53
8102466,2026-06-12 03:09:19,Super 1,SYSTEM,tieumeomeo vừa đánh quái may mắn nhận được 1 trang bị Set kích hoạt,tieumeomeo,,,,Set kích hoạt,0,2026-07-03 00:38:53
8100129,2026-06-12 01:36:41,Super 1,SYSTEM,onlymeinhere vừa đánh quái may mắn nhận được 1 trang bị Set kích hoạt,onlymeinhere,,,,Set kích hoạt,0,2026-07-03 00:38:53
8100091,2026-06-12 01:34:41,Super 1,SYSTEM,dnloksp1 vừa đánh quái may mắn nhận được 1 trang bị Set kích hoạt,dnloksp1,,,,Set kích hoạt,0,2026-07-03 00:38:53
8099126,2026-06-12 00:59:16,Super 1,SYSTEM,kameutk vừa đánh quái may mắn nhận được 1 trang bị Set kích hoạt Set Thần Vũ Trụ Kaio,kameutk,,,,Set kích hoạt Set Thần Vũ Trụ Kaio,0,2026-07-03 00:38:53
8098807,2026-06-12 00:48:41,Super 1,SYSTEM,lothal vừa đánh quái may mắn nhận được 1 trang bị Set kích hoạt,lothal,,,,Set kích hoạt,0,2026-07-03 00:38:53
8097866,2026-06-12 00:14:51,Super 1,SYSTEM,bommerd vừa đánh quái may mắn nhận được 1 trang bị Set kích hoạt,bommerd,,,,Set kích hoạt,0,2026-07-03 00:38:53
8097351,2026-06-11 23:57:28,Super 1,SYSTEM,kamilore vừa đánh quái may mắn nhận được 1 trang bị Set kích hoạt,kamilore,,,,Set kích hoạt,0,2026-07-03 00:38:53
8097092,2026-06-11 23:48:04,Super 1,SYSTEM,[HT] 1imerence vừa đánh quái may mắn nhận được 1 trang bị Set kích hoạt Gohan,,,,,Set kích hoạt Gohan,0,2026-07-03 00:38:53
8094470,2026-06-11 22:29:49,Super 1,SYSTEM,kakapote vừa đánh quái may mắn nhận được 1 trang bị Set kích hoạt,kakapote,,,,Set kích hoạt,0,2026-07-03 00:38:53
8093785,2026-06-11 22:07:25,Super 1,SYSTEM,thaytuxn vừa đánh quái may mắn nhận được 1 trang bị Set kích hoạt,thaytuxn,,,,Set kích hoạt,0,2026-07-03 00:38:53
8092634,2026-06-11 21:34:50,Super 1,SYSTEM,mrsuyy vừa đánh quái may mắn nhận được 1 trang bị Set kích hoạt,mrsuyy,,,,Set kích hoạt,0,2026-07-03 00:38:53
8091396,2026-06-11 21:00:01,Super 1,SYSTEM,tunxinw vừa đánh quái may mắn nhận được 1 trang bị Set kích hoạt,tunxinw,,,,Set kích hoạt,0,2026-07-03 00:38:53
8091147,2026-06-11 20:53:14,Super 1,SYSTEM,bommerd vừa đánh quái may mắn nhận được 1 trang bị Set kích hoạt,bommerd,,,,Set kích hoạt,0,2026-07-03 00:38:53
8089300,2026-06-11 19:56:37,Super 1,SYSTEM,vuahp15 vừa đánh quái may mắn nhận được 1 trang bị Set kích hoạt,vuahp15,,,,Set kích hoạt,0,2026-07-03 00:38:53
8087592,2026-06-11 19:03:23,Super 1,SYSTEM,vuatuatb2 vừa đánh quái may mắn nhận được 1 trang bị Set kích hoạt Set Cađic M,vuatuatb2,,,,Set kích hoạt Set Cađic M,0,2026-07-03 00:38:53
8086149,2026-06-11 18:15:11,Super 1,SYSTEM,du0ngsama vừa đánh quái may mắn nhận được 1 trang bị Set kích hoạt,du0ngsama,,,,Set kích hoạt,0,2026-07-03 00:38:53
8085843,2026-06-11 18:04:24,Super 1,SYSTEM,hoanghme99 vừa đánh quái may mắn nhận được 1 trang bị Set kích hoạt Set Thần Vũ Trụ Kaio,hoanghme99,,,,Set kích hoạt Set Thần Vũ Trụ Kaio,0,2026-07-03 00:38:53
8085581,2026-06-11 17:52:59,Super 1,SYSTEM,lothal vừa đánh quái may mắn nhận được 1 trang bị Set kích hoạt Set Thần Vũ Trụ Kaio,lothal,,,,Set kích hoạt Set Thần Vũ Trụ Kaio,0,2026-07-03 00:38:53
8085194,2026-06-11 17:39:12,Super 1,SYSTEM,bielhd02 vừa đánh quái may mắn nhận được 1 trang bị Set kích hoạt,bielhd02,,,,Set kích hoạt,0,2026-07-03 00:38:53
8084273,2026-06-11 17:02:55,Super 1,SYSTEM,cbronappano1 vừa đánh quái may mắn nhận được 1 trang bị Set kích hoạt,cbronappano1,,,,Set kích hoạt,0,2026-07-03 00:38:54
8084223,2026-06-11 17:00:33,Super 1,SYSTEM,tortuga vừa đánh quái may mắn nhận được 1 trang bị Set kích hoạt,tortuga,,,,Set kích hoạt,0,2026-07-03 00:38:54
8083572,2026-06-11 16:34:33,Super 1,SYSTEM,du0ngsama vừa đánh quái may mắn nhận được 1 trang bị Set kích hoạt,du0ngsama,,,,Set kích hoạt,0,2026-07-03 00:38:54
8083085,2026-06-11 16:14:55,Super 1,SYSTEM,ciubetis vừa đánh quái may mắn nhận được 1 trang bị Set kích hoạt,ciubetis,,,,Set kích hoạt,0,2026-07-03 00:38:54
8082790,2026-06-11 16:05:08,Super 1,SYSTEM,neotokyo vừa đánh quái may mắn nhận được 1 trang bị Set kích hoạt Set Thần Vũ Trụ Kaio,neotokyo,,,,Set kích hoạt Set Thần Vũ Trụ Kaio,0,2026-07-03 00:38:54
8082613,2026-06-11 15:57:19,Super 1,SYSTEM,onejust vừa đánh quái may mắn nhận được 1 trang bị Set kích hoạt,onejust,,,,Set kích hoạt,0,2026-07-03 00:38:54
8081470,2026-06-11 15:12:20,Super 1,SYSTEM,vuahp15 vừa đánh quái may mắn nhận được 1 trang bị Set kích hoạt,vuahp15,,,,Set kích hoạt,0,2026-07-03 00:38:54
8081356,2026-06-11 15:08:43,Super 1,SYSTEM,[HT] porschecarim vừa đánh quái may mắn nhận được 1 trang bị Set kích hoạt Gohan,,,,,Set kích hoạt Gohan,0,2026-07-03 00:38:54
8080889,2026-06-11 14:49:44,Super 1,SYSTEM,themyscira vừa đánh quái may mắn nhận được 1 trang bị Set kích hoạt Set Thần Vũ Trụ Kaio,themyscira,,,,Set kích hoạt Set Thần Vũ Trụ Kaio,0,2026-07-03 00:38:54
8080443,2026-06-11 14:31:32,Super 1,SYSTEM,tunxinw vừa đánh quái may mắn nhận được 1 trang bị Set kích hoạt,tunxinw,,,,Set kích hoạt,0,2026-07-03 00:38:54
8080176,2026-06-11 14:20:31,Super 1,SYSTEM,dathomir vừa đánh quái may mắn nhận được 1 trang bị Set kích hoạt,dathomir,,,,Set kích hoạt,0,2026-07-03 00:38:54
8077884,2026-06-11 12:57:44,Super 1,SYSTEM,dathomir vừa đánh quái may mắn nhận được 1 trang bị Set kích hoạt,dathomir,,,,Set kích hoạt,0,2026-07-03 00:38:54
8077672,2026-06-11 12:51:56,Super 1,SYSTEM,[HT] longdhd vừa đánh quái may mắn nhận được 1 trang bị Set kích hoạt Gohan,,,,,Set kích hoạt Gohan,0,2026-07-03 00:38:54
8077525,2026-06-11 12:46:55,Super 1,SYSTEM,iilovethaoo vừa đánh quái may mắn nhận được 1 trang bị Set kích hoạt,iilovethaoo,,,,Set kích hoạt,0,2026-07-03 00:38:54
8076608,2026-06-11 12:21:33,Super 1,SYSTEM,mrsuyy vừa đánh quái may mắn nhận được 1 trang bị Set kích hoạt,mrsuyy,,,,Set kích hoạt,0,2026-07-03 00:38:54
8076433,2026-06-11 12:15:21,Super 1,SYSTEM,hoanghme99 vừa đánh quái may mắn nhận được 1 trang bị Set kích hoạt,hoanghme99,,,,Set kích hoạt,0,2026-07-03 00:38:54
8075957,2026-06-11 12:01:31,Super 1,SYSTEM,vuahp15 vừa đánh quái may mắn nhận được 1 trang bị Set kích hoạt,vuahp15,,,,Set kích hoạt,0,2026-07-03 00:38:54
8075245,2026-06-11 11:37:19,Super 1,SYSTEM,mrsuyy vừa đánh quái may mắn nhận được 1 trang bị Set kích hoạt,mrsuyy,,,,Set kích hoạt,0,2026-07-03 00:38:54
8075082,2026-06-11 11:31:33,Super 1,SYSTEM,du0ngsama vừa đánh quái may mắn nhận được 1 trang bị Set kích hoạt Set Nail chiến binh Namếc,du0ngsama,,,,Set kích hoạt Set Nail chiến binh Namếc,0,2026-07-03 00:38:54
8074992,2026-06-11 11:27:57,Super 1,SYSTEM,kyber vừa đánh quái may mắn nhận được 1 trang bị Set kích hoạt,kyber,,,,Set kích hoạt,0,2026-07-03 00:38:54
8074768,2026-06-11 11:21:32,Super 1,SYSTEM,lothal vừa đánh quái may mắn nhận được 1 trang bị Set kích hoạt,lothal,,,,Set kích hoạt,0,2026-07-03 00:38:54
8073839,2026-06-11 10:51:20,Super 1,SYSTEM,onlymeinhere vừa đánh quái may mắn nhận được 1 trang bị Set kích hoạt,onlymeinhere,,,,Set kích hoạt,0,2026-07-03 00:38:54
8072362,2026-06-11 10:03:32,Super 1,SYSTEM,corvinus vừa đánh quái may mắn nhận được 1 trang bị Set kích hoạt,corvinus,,,,Set kích hoạt,0,2026-07-03 00:38:54
8071579,2026-06-11 09:37:33,Super 1,SYSTEM,chubodoi1 vừa đánh quái may mắn nhận được 1 trang bị Set kích hoạt Set Cađic M,chubodoi1,,,,Set kích hoạt Set Cađic M,0,2026-07-03 00:38:54
8070921,2026-06-11 09:14:21,Super 1,SYSTEM,dukich1 vừa đánh quái may mắn nhận được 1 trang bị Set kích hoạt Set Cađic M,dukich1,,,,Set kích hoạt Set Cađic M,0,2026-07-03 00:38:54
8070249,2026-06-11 08:49:33,Super 1,SYSTEM,iilovethaoo vừa đánh quái may mắn nhận được 1 trang bị Set kích hoạt Set Cađic M,iilovethaoo,,,,Set kích hoạt Set Cađic M,0,2026-07-03 00:38:54
8069363,2026-06-11 08:19:45,Super 1,SYSTEM,[HT] vibeuakb3 vừa đánh quái may mắn nhận được 1 trang bị Set kích hoạt Gohan,,,,,Set kích hoạt Gohan,0,2026-07-03 00:38:54
8068031,2026-06-11 07:32:57,Super 1,SYSTEM,11ztewoz vừa đánh quái may mắn nhận được 1 trang bị Set kích hoạt,11ztewoz,,,,Set kích hoạt,0,2026-07-03 00:38:54
8067795,2026-06-11 07:23:56,Super 1,SYSTEM,onejust vừa đánh quái may mắn nhận được 1 trang bị Set kích hoạt,onejust,,,,Set kích hoạt,0,2026-07-03 00:38:54
8066865,2026-06-11 06:48:57,Super 1,SYSTEM,mrsuyy vừa đánh quái may mắn nhận được 1 trang bị Set kích hoạt,mrsuyy,,,,Set kích hoạt,0,2026-07-03 00:38:54
8064985,2026-06-11 05:44:10,Super 1,SYSTEM,satorugoku vừa đánh quái may mắn nhận được 1 trang bị Set kích hoạt,satorugoku,,,,Set kích hoạt,0,2026-07-03 00:38:54
8064069,2026-06-11 04:59:10,Super 1,SYSTEM,thaytuxn vừa đánh quái may mắn nhận được 1 trang bị Set kích hoạt,thaytuxn,,,,Set kích hoạt,0,2026-07-03 00:38:54
8063851,2026-06-11 04:51:45,Super 1,SYSTEM,du0ngsama vừa đánh quái may mắn nhận được 1 trang bị Set kích hoạt,du0ngsama,,,,Set kích hoạt,0,2026-07-03 00:38:54
8062091,2026-06-11 03:12:21,Super 1,SYSTEM,goodbyegohan vừa đánh quái may mắn nhận được 1 trang bị Set kích hoạt Set Thần Vũ Trụ Kaio,goodbyegohan,,,,Set kích hoạt Set Thần Vũ Trụ Kaio,0,2026-07-03 00:38:54
8061548,2026-06-11 02:50:57,Super 1,SYSTEM,umbalaao vừa đánh quái may mắn nhận được 1 trang bị Set kích hoạt Set Thần Vũ Trụ Kaio,umbalaao,,,,Set kích hoạt Set Thần Vũ Trụ Kaio,0,2026-07-03 00:38:54
8060736,2026-06-11 02:16:56,Super 1,SYSTEM,satorugoku vừa đánh quái may mắn nhận được 1 trang bị Set kích hoạt,satorugoku,,,,Set kích hoạt,0,2026-07-03 00:38:54
8060648,2026-06-11 02:13:32,Super 1,SYSTEM,goku0j0 vừa đánh quái may mắn nhận được 1 trang bị Set kích hoạt,goku0j0,,,,Set kích hoạt,0,2026-07-03 00:38:54
8060097,2026-06-11 01:50:30,Super 1,SYSTEM,chaomynhan09 vừa đánh quái may mắn nhận được 1 trang bị Set kích hoạt,chaomynhan09,,,,Set kích hoạt,0,2026-07-03 00:38:54
8059426,2026-06-11 01:25:30,Super 1,SYSTEM,bukungonvc vừa đánh quái may mắn nhận được 1 trang bị Set kích hoạt,bukungonvc,,,,Set kích hoạt,0,2026-07-03 00:38:54
8059105,2026-06-11 01:12:53,Super 1,SYSTEM,[HT] khadzpro vừa đánh quái may mắn nhận được 1 trang bị Set kích hoạt Gohan,,,,,Set kích hoạt Gohan,0,2026-07-03 00:38:54
8058188,2026-06-11 00:39:04,Super 1,SYSTEM,sasuzanus vừa đánh quái may mắn nhận được 1 trang bị Set kích hoạt,sasuzanus,,,,Set kích hoạt,0,2026-07-03 00:38:55
8057964,2026-06-11 00:31:27,Super 1,SYSTEM,thaytuxn vừa đánh quái may mắn nhận được 1 trang bị Set kích hoạt Set Thần Vũ Trụ Kaio,thaytuxn,,,,Set kích hoạt Set Thần Vũ Trụ Kaio,0,2026-07-03 00:38:55
8057674,2026-06-11 00:22:39,Super 1,SYSTEM,dukich1 vừa đánh quái may mắn nhận được 1 trang bị Set kích hoạt,dukich1,,,,Set kích hoạt,0,2026-07-03 00:38:55
8057067,2026-06-11 00:01:15,Super 1,SYSTEM,ductbkm100m vừa đánh quái may mắn nhận được 1 trang bị Set kích hoạt,ductbkm100m,,,,Set kích hoạt,0,2026-07-03 00:38:55
8055747,2026-06-10 23:20:50,Super 1,SYSTEM,tortuga vừa đánh quái may mắn nhận được 1 trang bị Set kích hoạt,tortuga,,,,Set kích hoạt,0,2026-07-03 00:38:55
8055732,2026-06-10 23:20:26,Super 1,SYSTEM,kakarotkp5 vừa đánh quái may mắn nhận được 1 trang bị Set kích hoạt,kakarotkp5,,,,Set kích hoạt,0,2026-07-03 00:38:55
8055505,2026-06-10 23:13:13,Super 1,SYSTEM,mrsuyy vừa đánh quái may mắn nhận được 1 trang bị Set kích hoạt,mrsuyy,,,,Set kích hoạt,0,2026-07-03 00:38:55
8053265,2026-06-10 22:07:48,Super 1,SYSTEM,vuahp15 vừa đánh quái may mắn nhận được 1 trang bị Set kích hoạt,vuahp15,,,,Set kích hoạt,0,2026-07-03 00:38:55
8052931,2026-06-10 21:56:49,Super 1,SYSTEM,naboo vừa đánh quái may mắn nhận được 1 trang bị Set kích hoạt Set Thần Vũ Trụ Kaio,naboo,,,,Set kích hoạt Set Thần Vũ Trụ Kaio,0,2026-07-03 00:38:55
8052694,2026-06-10 21:49:24,Super 1,SYSTEM,dnloksp1 vừa đánh quái may mắn nhận được 1 trang bị Set kích hoạt,dnloksp1,,,,Set kích hoạt,0,2026-07-03 00:38:55
8052431,2026-06-10 21:41:47,Super 1,SYSTEM,ciubetis vừa đánh quái may mắn nhận được 1 trang bị Set kích hoạt Set Thần Vũ Trụ Kaio,ciubetis,,,,Set kích hoạt Set Thần Vũ Trụ Kaio,0,2026-07-03 00:38:55
8049220,2026-06-10 20:03:11,Super 1,SYSTEM,satorugoku vừa đánh quái may mắn nhận được 1 trang bị Set kích hoạt Set Cađic M,satorugoku,,,,Set kích hoạt Set Cađic M,0,2026-07-03 00:38:55
8049057,2026-06-10 19:58:47,Super 1,SYSTEM,zoness vừa đánh quái may mắn nhận được 1 trang bị Set kích hoạt,zoness,,,,Set kích hoạt,0,2026-07-03 00:38:55
8048750,2026-06-10 19:50:35,Super 1,SYSTEM,cbronappano1 vừa đánh quái may mắn nhận được 1 trang bị Set kích hoạt,cbronappano1,,,,Set kích hoạt,0,2026-07-03 00:38:55
8047947,2026-06-10 19:27:12,Super 1,SYSTEM,dathomir vừa đánh quái may mắn nhận được 1 trang bị Set kích hoạt Set Thần Vũ Trụ Kaio,dathomir,,,,Set kích hoạt Set Thần Vũ Trụ Kaio,0,2026-07-03 00:38:55
8047049,2026-06-10 19:00:24,Super 1,SYSTEM,du0ngsama vừa đánh quái may mắn nhận được 1 trang bị Set kích hoạt,du0ngsama,,,,Set kích hoạt,0,2026-07-03 00:38:55
8046362,2026-06-10 18:39:58,Super 1,SYSTEM,alderaan vừa đánh quái may mắn nhận được 1 trang bị Set kích hoạt,alderaan,,,,Set kích hoạt,0,2026-07-03 00:38:55
8045304,2026-06-10 18:09:59,Super 1,SYSTEM,naboo vừa đánh quái may mắn nhận được 1 trang bị Set kích hoạt,naboo,,,,Set kích hoạt,0,2026-07-03 00:38:55
8045108,2026-06-10 18:04:35,Super 1,SYSTEM,vuahp15 vừa đánh quái may mắn nhận được 1 trang bị Set kích hoạt,vuahp15,,,,Set kích hoạt,0,2026-07-03 00:38:55
8044473,2026-06-10 17:45:59,Super 1,SYSTEM,tieumeomeo vừa đánh quái may mắn nhận được 1 trang bị Set kích hoạt,tieumeomeo,,,,Set kích hoạt,0,2026-07-03 00:38:55
8044124,2026-06-10 17:36:35,Super 1,SYSTEM,chubodoi1 vừa đánh quái may mắn nhận được 1 trang bị Set kích hoạt,chubodoi1,,,,Set kích hoạt,0,2026-07-03 00:38:55
8043954,2026-06-10 17:31:46,Super 1,SYSTEM,dukich1 vừa đánh quái may mắn nhận được 1 trang bị Set kích hoạt,dukich1,,,,Set kích hoạt,0,2026-07-03 00:38:55
8043677,2026-06-10 17:23:45,Super 1,SYSTEM,kameutk vừa đánh quái may mắn nhận được 1 trang bị Set kích hoạt,kameutk,,,,Set kích hoạt,0,2026-07-03 00:38:55
8043405,2026-06-10 17:16:11,Super 1,SYSTEM,zoness vừa đánh quái may mắn nhận được 1 trang bị Set kích hoạt,zoness,,,,Set kích hoạt,0,2026-07-03 00:38:55
8042170,2026-06-10 16:38:45,Super 1,SYSTEM,du0ngsama vừa đánh quái may mắn nhận được 1 trang bị Set kích hoạt,du0ngsama,,,,Set kích hoạt,0,2026-07-03 00:38:55
8042022,2026-06-10 16:34:10,Super 1,SYSTEM,kkrtoww vừa đánh quái may mắn nhận được 1 trang bị Set kích hoạt,kkrtoww,,,,Set kích hoạt,0,2026-07-03 00:38:55
8040939,2026-06-10 15:56:33,Super 1,SYSTEM,alderaan vừa đánh quái may mắn nhận được 1 trang bị Set kích hoạt,alderaan,,,,Set kích hoạt,0,2026-07-03 00:38:55
8040624,2026-06-10 15:45:44,Super 1,SYSTEM,madtrug vừa đánh quái may mắn nhận được 1 trang bị Set kích hoạt,madtrug,,,,Set kích hoạt,0,2026-07-03 00:38:55
8040228,2026-06-10 15:32:57,Super 1,SYSTEM,[HT] supperz vừa đánh quái may mắn nhận được 1 trang bị Set kích hoạt Gohan,,,,,Set kích hoạt Gohan,0,2026-07-03 00:38:55
8039702,2026-06-10 15:14:21,Super 1,SYSTEM,beerhanoi vừa đánh quái may mắn nhận được 1 trang bị Set kích hoạt,beerhanoi,,,,Set kích hoạt,0,2026-07-03 00:38:55
8037764,2026-06-10 14:12:19,Super 1,SYSTEM,du0ngsama vừa đánh quái may mắn nhận được 1 trang bị Set kích hoạt Set Nail chiến binh Namếc,du0ngsama,,,,Set kích hoạt Set Nail chiến binh Namếc,0,2026-07-03 00:38:55
8036753,2026-06-10 13:39:42,Super 1,SYSTEM,pachin vừa đánh quái may mắn nhận được 1 trang bị Set kích hoạt,pachin,,,,Set kích hoạt,0,2026-07-03 00:38:55
8036744,2026-06-10 13:39:30,Super 1,SYSTEM,kyber vừa đánh quái may mắn nhận được 1 trang bị Set kích hoạt,kyber,,,,Set kích hoạt,0,2026-07-03 00:38:55
8036642,2026-06-10 13:35:20,Super 1,SYSTEM,razorcrest vừa đánh quái may mắn nhận được 1 trang bị Set kích hoạt,razorcrest,,,,Set kích hoạt,0,2026-07-03 00:38:55
8035878,2026-06-10 13:09:55,Super 1,SYSTEM,tieumeomeo vừa đánh quái may mắn nhận được 1 trang bị Set kích hoạt,tieumeomeo,,,,Set kích hoạt,0,2026-07-03 00:38:55
8035814,2026-06-10 13:07:31,Super 1,SYSTEM,du0ngsama vừa đánh quái may mắn nhận được 1 trang bị Set kích hoạt,du0ngsama,,,,Set kích hoạt,0,2026-07-03 00:38:55
8035524,2026-06-10 12:57:42,Super 1,SYSTEM,onejust vừa đánh quái may mắn nhận được 1 trang bị Set kích hoạt Set Nail chiến binh Namếc,onejust,,,,Set kích hoạt Set Nail chiến binh Namếc,0,2026-07-03 00:38:55
8035448,2026-06-10 12:55:54,Super 1,SYSTEM,alderaan vừa đánh quái may mắn nhận được 1 trang bị Set kích hoạt,alderaan,,,,Set kích hoạt,0,2026-07-03 00:38:55
8034890,2026-06-10 12:41:30,Super 1,SYSTEM,[HT] fapsufake vừa đánh quái may mắn nhận được 1 trang bị Set kích hoạt Gohan,,,,,Set kích hoạt Gohan,0,2026-07-03 00:38:55
8034123,2026-06-10 12:21:29,Super 1,SYSTEM,thaytuxn vừa đánh quái may mắn nhận được 1 trang bị Set kích hoạt,thaytuxn,,,,Set kích hoạt,0,2026-07-03 00:38:55
8033572,2026-06-10 12:07:53,Super 1,SYSTEM,dathomir vừa đánh quái may mắn nhận được 1 trang bị Set kích hoạt,dathomir,,,,Set kích hoạt,0,2026-07-03 00:38:55
8033422,2026-06-10 12:03:17,Super 1,SYSTEM,tortuga vừa đánh quái may mắn nhận được 1 trang bị Set kích hoạt,tortuga,,,,Set kích hoạt,0,2026-07-03 00:38:55
8032635,2026-06-10 11:41:05,Super 1,SYSTEM,du0ngsama vừa đánh quái may mắn nhận được 1 trang bị Set kích hoạt,du0ngsama,,,,Set kích hoạt,0,2026-07-03 00:38:55
8032317,2026-06-10 11:31:28,Super 1,SYSTEM,tortuga vừa đánh quái may mắn nhận được 1 trang bị Set kích hoạt,tortuga,,,,Set kích hoạt,0,2026-07-03 00:38:55
8031366,2026-06-10 11:06:40,Super 1,SYSTEM,corvinus vừa đánh quái may mắn nhận được 1 trang bị Set kích hoạt,corvinus,,,,Set kích hoạt,0,2026-07-03 00:38:55
8030532,2026-06-10 10:39:05,Super 1,SYSTEM,themyscira vừa đánh quái may mắn nhận được 1 trang bị Set kích hoạt,themyscira,,,,Set kích hoạt,0,2026-07-03 00:38:55
8030340,2026-06-10 10:32:40,Super 1,SYSTEM,salazar vừa đánh quái may mắn nhận được 1 trang bị Set kích hoạt,salazar,,,,Set kích hoạt,0,2026-07-03 00:38:55
8029156,2026-06-10 09:54:53,Super 1,SYSTEM,[HT] 0socho vừa đánh quái may mắn nhận được 1 trang bị Set kích hoạt Gohan,,,,,Set kích hoạt Gohan,0,2026-07-03 00:38:55
8029121,2026-06-10 09:53:28,Super 1,SYSTEM,ciubetis vừa đánh quái may mắn nhận được 1 trang bị Set kích hoạt,ciubetis,,,,Set kích hoạt,0,2026-07-03 00:38:55
8027590,2026-06-10 09:02:16,Super 1,SYSTEM,razorcrest vừa đánh quái may mắn nhận được 1 trang bị Set kích hoạt Set Thần Vũ Trụ Kaio,razorcrest,,,,Set kích hoạt Set Thần Vũ Trụ Kaio,0,2026-07-03 00:38:55
8027311,2026-06-10 08:55:03,Super 1,SYSTEM,tunxinw vừa đánh quái may mắn nhận được 1 trang bị Set kích hoạt,tunxinw,,,,Set kích hoạt,0,2026-07-03 00:38:56
8027063,2026-06-10 08:46:50,Super 1,SYSTEM,themyscira vừa đánh quái may mắn nhận được 1 trang bị Set kích hoạt,themyscira,,,,Set kích hoạt,0,2026-07-03 00:38:56
8026971,2026-06-10 08:44:16,Super 1,SYSTEM,neotokyo vừa đánh quái may mắn nhận được 1 trang bị Set kích hoạt,neotokyo,,,,Set kích hoạt,0,2026-07-03 00:38:56
8026571,2026-06-10 08:30:38,Super 1,SYSTEM,hoanghme99 vừa đánh quái may mắn nhận được 1 trang bị Set kích hoạt,hoanghme99,,,,Set kích hoạt,0,2026-07-03 00:38:56
8026538,2026-06-10 08:28:50,Super 1,SYSTEM,[HT] topsuperrank vừa đánh quái may mắn nhận được 1 trang bị Set kích hoạt Gohan,,,,,Set kích hoạt Gohan,0,2026-07-03 00:38:56
8026245,2026-06-10 08:19:39,Super 1,SYSTEM,tachikoma vừa đánh quái may mắn nhận được 1 trang bị Set kích hoạt Set Thần Vũ Trụ Kaio,tachikoma,,,,Set kích hoạt Set Thần Vũ Trụ Kaio,0,2026-07-03 00:38:56
8026214,2026-06-10 08:18:27,Super 1,SYSTEM,chubodoi1 vừa đánh quái may mắn nhận được 1 trang bị Set kích hoạt,chubodoi1,,,,Set kích hoạt,0,2026-07-03 00:38:56
8026189,2026-06-10 08:17:27,Super 1,SYSTEM,corvinus vừa đánh quái may mắn nhận được 1 trang bị Set kích hoạt,corvinus,,,,Set kích hoạt,0,2026-07-03 00:38:56
8025890,2026-06-10 08:08:38,Super 1,SYSTEM,lothal vừa đánh quái may mắn nhận được 1 trang bị Set kích hoạt,lothal,,,,Set kích hoạt,0,2026-07-03 00:38:56
8025814,2026-06-10 08:06:02,Super 1,SYSTEM,naboo vừa đánh quái may mắn nhận được 1 trang bị Set kích hoạt Set Thần Vũ Trụ Kaio,naboo,,,,Set kích hoạt Set Thần Vũ Trụ Kaio,0,2026-07-03 00:38:56
8024899,2026-06-10 07:35:49,Super 1,SYSTEM,itomori vừa đánh quái may mắn nhận được 1 trang bị Set kích hoạt,itomori,,,,Set kích hoạt,0,2026-07-03 00:38:56
8024027,2026-06-10 07:08:15,Super 1,SYSTEM,kyber vừa đánh quái may mắn nhận được 1 trang bị Set kích hoạt,kyber,,,,Set kích hoạt,0,2026-07-03 00:38:56
8022378,2026-06-10 06:21:50,Super 1,SYSTEM,tunxinw vừa đánh quái may mắn nhận được 1 trang bị Set kích hoạt Set Cađic M,tunxinw,,,,Set kích hoạt Set Cađic M,0,2026-07-03 00:38:56
8022304,2026-06-10 06:19:38,Super 1,SYSTEM,crimsonpeak vừa đánh quái may mắn nhận được 1 trang bị Set kích hoạt,crimsonpeak,,,,Set kích hoạt,0,2026-07-03 00:38:56
8021733,2026-06-10 06:01:50,Super 1,SYSTEM,kakapote vừa đánh quái may mắn nhận được 1 trang bị Set kích hoạt,kakapote,,,,Set kích hoạt,0,2026-07-03 00:38:56
8020168,2026-06-10 05:08:25,Super 1,SYSTEM,vuatuatb2 vừa đánh quái may mắn nhận được 1 trang bị Set kích hoạt Set Cađic M,vuatuatb2,,,,Set kích hoạt Set Cađic M,0,2026-07-03 00:38:56
8018520,2026-06-10 03:25:12,Super 1,SYSTEM,alderaan vừa đánh quái may mắn nhận được 1 trang bị Set kích hoạt,alderaan,,,,Set kích hoạt,0,2026-07-03 00:38:56
8017888,2026-06-10 02:56:14,Super 1,SYSTEM,tachikoma vừa đánh quái may mắn nhận được 1 trang bị Set kích hoạt Set Thần Vũ Trụ Kaio,tachikoma,,,,Set kích hoạt Set Thần Vũ Trụ Kaio,0,2026-07-03 00:38:56
8017410,2026-06-10 02:38:36,Super 1,SYSTEM,razorcrest vừa đánh quái may mắn nhận được 1 trang bị Set kích hoạt Set Thần Vũ Trụ Kaio,razorcrest,,,,Set kích hoạt Set Thần Vũ Trụ Kaio,0,2026-07-03 00:38:56
8016535,2026-06-10 02:05:01,Super 1,SYSTEM,vuahp15 vừa đánh quái may mắn nhận được 1 trang bị Set kích hoạt,vuahp15,,,,Set kích hoạt,0,2026-07-03 00:38:56
8015690,2026-06-10 01:31:00,Super 1,SYSTEM,dukich1 vừa đánh quái may mắn nhận được 1 trang bị Set kích hoạt Set Cađic M,dukich1,,,,Set kích hoạt Set Cađic M,0,2026-07-03 00:38:56
8013184,2026-06-10 00:10:58,Super 1,SYSTEM,troinang vừa đánh quái may mắn nhận được 1 trang bị Set kích hoạt,troinang,,,,Set kích hoạt,0,2026-07-03 00:38:56
8012436,2026-06-09 23:49:58,Super 1,SYSTEM,trungkkk24 vừa đánh quái may mắn nhận được 1 trang bị Set kích hoạt Set Nail chiến binh Namếc,trungkkk24,,,,Set kích hoạt Set Nail chiến binh Namếc,0,2026-07-03 00:38:56
8012062,2026-06-09 23:38:11,Super 1,SYSTEM,tieumeomeo vừa đánh quái may mắn nhận được 1 trang bị Set kích hoạt,tieumeomeo,,,,Set kích hoạt,0,2026-07-03 00:38:56
8011992,2026-06-09 23:35:23,Super 1,SYSTEM,bielhd02 vừa đánh quái may mắn nhận được 1 trang bị Set kích hoạt,bielhd02,,,,Set kích hoạt,0,2026-07-03 00:38:56
8010980,2026-06-09 23:03:58,Super 1,SYSTEM,dnloksp1 vừa đánh quái may mắn nhận được 1 trang bị Set kích hoạt,dnloksp1,,,,Set kích hoạt,0,2026-07-03 00:38:56
8010138,2026-06-09 22:38:45,Super 1,SYSTEM,quenmotnguoi vừa đánh quái may mắn nhận được 1 trang bị Set kích hoạt Set Cađic M,quenmotnguoi,,,,Set kích hoạt Set Cađic M,0,2026-07-03 00:38:56
8009717,2026-06-09 22:25:34,Super 1,SYSTEM,dukich1 vừa đánh quái may mắn nhận được 1 trang bị Set kích hoạt,dukich1,,,,Set kích hoạt,0,2026-07-03 00:38:56
8009471,2026-06-09 22:19:10,Super 1,SYSTEM,thaytuxn vừa đánh quái may mắn nhận được 1 trang bị Set kích hoạt,thaytuxn,,,,Set kích hoạt,0,2026-07-03 00:38:56
8007894,2026-06-09 21:31:33,Super 1,SYSTEM,tunxinw vừa đánh quái may mắn nhận được 1 trang bị Set kích hoạt,tunxinw,,,,Set kích hoạt,0,2026-07-03 00:38:56
8005880,2026-06-09 20:36:20,Super 1,SYSTEM,zoniefen vừa đánh quái may mắn nhận được 1 trang bị Set kích hoạt,zoniefen,,,,Set kích hoạt,0,2026-07-03 00:38:56